yyyy,mm,tmax,tmin,af,rain,sun
1853,1,8.4,2.7,4,62.8,
1853,2,3.2,-1.8,19,29.3,
1853,3,7.7,-0.6,20,25.9,
1853,4,12.6,4.5,0,60.1,
1853,5,16.8,6.1,0,59.5,
1853,6,20.1,10.7,0,82,
1853,7,21.2,12.2,0,86.2,
1853,8,20.2,10.8,0,72.3,
1853,9,17.3,8.4,0,51.3,
1853,10,13.9,7.4,0,102.3,
1853,11,8.7,2.3,10,49.6,
1853,12,3.7,-1.3,19,10.7,
1854,1,6.7,1.5,11,54.5,
1854,2,8,0.6,12,22.6,
1854,3,11.2,2.2,8,10.6,
1854,4,15,3.5,2,19.9,
1854,5,16.2,5.7,1,82.1,
1854,6,18.6,9.7,0,45.2,
1854,7,21.7,11.6,0,37.2,
1854,8,20.9,10.7,0,45.4,
1854,9,20.2,8.4,0,11.4,
1854,10,13.9,5.6,2,57.7,
1854,11,8.2,2,5,32.4,
1854,12,8.3,2.1,8,30.7,
1855,1,4.4,-0.4,18,6.9,
1855,2,1.7,-4.5,20,33.7,
1855,3,7.7,0.1,15,56,
1855,4,13,2.7,9,10.6,
1855,5,15,4.9,3,45.1,
1855,6,19.4,9.3,0,60,
1855,7,22.8,13.4,0,129.3,
1855,8,21.7,12.2,0,42.6,
1855,9,19,10.4,0,59.7,
1855,10,14,8.2,0,143.1,
1855,11,7.9,3.4,4,25.2,
1855,12,5.7,-0.1,13,28.1,
1856,1,6.8,2,10,74.7,
1856,2,8.2,3,8,33.4,
1856,3,7.9,0.6,11,23.9,
1856,4,12.9,4.1,2,64.9,
1856,5,14,5.7,2,110.1,
1856,6,20.2,9.5,0,64.8,
1856,7,22.2,11.3,0,15.8,
1856,8,22.7,12.5,0,81.8,
1856,9,16.8,8.5,0,80.3,
1856,10,13.9,6.9,1,60.3,
1856,11,8.1,2.3,8,24.2,
1856,12,7.3,1.4,12,52,
1857,1,5.1,-0.6,17,80.7,
1857,2,7.6,0.4,11,8.2,
1857,3,9.1,1.8,10,39.2,
1857,4,11.9,3.7,3,51.3,
1857,5,16.5,6.3,4,30.3,
1857,6,22,10.6,0,77,
1857,7,22,12.7,0,80.5,
1857,8,22.8,13.2,0,93.5,
1857,9,19,11.2,0,99,
1857,10,14.6,7.8,0,116.3,
1857,11,10.2,4.5,2,42.6,
1857,12,9.6,4.5,3,16.8,
1858,1,6.4,-0.1,20,17.3,
1858,2,4.7,-1.2,18,45,
1858,3,9.4,1.1,12,20.4,
1858,4,13.1,4,2,90.1,
1858,5,15.9,6.2,0,59.5,
1858,6,23.6,11.9,0,40.4,
1858,7,20.8,10.6,0,58.3,
1858,8,21.4,11.3,0,36.4,
1858,9,19.5,11.2,0,63.4,
1858,10,13.4,6.9,0,50.4,
1858,11,7.4,0.8,12,17.9,
1858,12,7.2,2.4,2,54.5,
1859,1,7.5,1.8,9,20.8,
1859,2,9.4,2.7,5,43.1,
1859,3,11.2,4.7,4,38.2,
1859,4,12.3,3.5,8,63.9,
1859,5,16.6,6.7,0,47.3,
1859,6,20.7,11.1,0,57.4,
1859,7,25.1,13.7,0,71.2,
1859,8,21.8,12.5,0,97.2,
1859,9,17.4,9.4,0,89.8,
1859,10,13.7,6.6,6,76.3,
1859,11,8.5,1.5,8,52.8,
1859,12,5,-1.1,14,46.6,
1860,1,6.8,0.8,12,82.8,
1860,2,5.2,-1.6,20,32.6,
1860,3,8.4,1.9,8,48.4,
1860,4,10.6,1.7,5,14.8,
1860,5,17,7.7,0,70.9,
1860,6,17,9.5,0,129.8,
1860,7,19.3,10.3,0,60.8,
1860,8,17.9,10.9,0,96.7,
1860,9,15.6,7,0,64,
1860,10,13.4,7.3,1,39.9,
1860,11,7.4,2.1,2,82.1,
1860,12,4.4,,,66.6,
1861,1,3.8,-0.7,16,16.8,
1861,2,7.9,3.1,4,48,
1861,3,10.1,3.4,1,43.1,
1861,4,11.8,3,5,17.7,
1861,5,16.1,6.5,1,34.9,
1861,6,20,11.2,0,79.9,
1861,7,19.7,12,0,130.8,
1861,8,21.6,12.7,0,15.1,
1861,9,17.9,9.9,0,49.6,
1861,10,16.2,9.5,0,40.8,
1861,11,8.4,1.6,10,78.4,
1861,12,7,1.5,12,41.9,
1862,1,6.6,2.2,8,62.2,
1862,2,7.3,3.4,4,7.3,
1862,3,9.4,3.9,4,138.9,
1862,4,12.9,6.2,4,57.6,
1862,5,17.6,9.2,0,95.5,
1862,6,18.1,9.6,0,56.8,
1862,7,19.9,10.6,0,44.8,
1862,8,20,10.5,0,44.7,
1862,9,18.2,9.9,0,55.1,
1862,10,14.5,7.6,1,73.1,
1862,11,6.7,0.4,14,25.3,
1862,12,9.2,3.8,0,36,
1863,1,7.7,2.5,2,82.1,
1863,2,9.1,2.7,7,17.1,
1863,3,10.8,1.9,9,17.3,
1863,4,14.2,4.7,2,35.5,
1863,5,16.4,6,0,23.2,
1863,6,19.3,9.6,0,86.6,
1863,7,21.8,9.5,0,17,
1863,8,21.2,11.9,0,67.1,
1863,9,15.8,7.6,0,70.3,
1863,10,14.1,7,2,75.5,
1863,11,10.3,4.6,6,51.1,
1863,12,9.1,3.3,6,27.7,
1864,1,4.8,-0.2,13,25,
1864,2,5.5,0,16,36.9,
1864,3,9.6,1.4,8,62.7,
1864,4,14.2,4.3,0,41.4,
1864,5,18.2,7.9,0,54.8,
1864,6,19.8,9.8,0,25.6,
1864,7,22.8,10.3,0,12,
1864,8,21,8.8,0,19.8,
1864,9,18.3,9.4,0,74.9,
1864,10,13.6,6.8,0,39.8,
1864,11,8.9,2,8,59.4,
1864,12,5.6,1.3,13,9.5,
1865,1,4.7,-0.9,14,78.1,
1865,2,5,0.2,13,52.9,
1865,3,6,-0.2,13,24.9,
1865,4,17.2,5.4,3,23.3,
1865,5,18.4,8.1,0,55.8,
1865,6,21.9,10.8,0,89.1,
1865,7,22.3,12.5,0,71.1,
1865,8,20,10.8,0,79,
1865,9,22.3,10.9,0,4.7,
1865,10,14.6,6.1,0,137.7,
1865,11,10.3,4,6,65.7,
1865,12,8.4,3.4,4,49.8,
1866,1,8.6,3.4,5,73.1,
1866,2,7.9,1.3,11,73.2,
1866,3,8.4,1.8,9,42.7,
1866,4,13.6,4.7,3,52.2,
1866,5,15.7,4.8,2,42.6,
1866,6,21.9,11.1,0,81.7,
1866,7,21.7,11.2,0,50.4,
1866,8,19.8,11.3,0,75.1,
1866,9,17,10.3,0,145.4,
1866,10,14.2,8,0,53.4,
1866,11,10.7,3.7,7,38.8,
1866,12,9.2,3.3,7,51.6,
1867,1,4.6,-1.1,18,65.8,
1867,2,10.1,4.4,1,39.3,
1867,3,6,0.5,16,73.4,
1867,4,14,6.6,0,66.1,
1867,5,16.8,6.8,3,63.9,
1867,6,20,9.6,0,49.1,
1867,7,20.3,10.5,0,99.7,
1867,8,21.5,11.8,0,60.8,
1867,9,18.4,9.6,0,41.6,
1867,10,13.5,6.3,1,72.5,
1867,11,8.4,1.6,10,24.4,
1867,12,6.2,0.1,18,35.7,
1868,1,5.9,1.7,11,87.2,
1868,2,9.8,3.3,5,42.3,
1868,3,11.1,2.9,6,38.7,
1868,4,14.1,4.6,5,39.7,
1868,5,20.4,7.8,0,14.9,
1868,6,23.6,9.4,0,23.6,
1868,7,25.8,12.7,0,47.5,
1868,8,22.1,12.5,0,85.8,
1868,9,19.7,9.4,0,101.3,
1868,10,12.7,5,3,57,
1868,11,7.9,2.6,7,30.7,
1868,12,10.4,5.2,2,105.3,
1869,1,8.2,3,5,96.3,
1869,2,10.5,5.1,1,55.2,
1869,3,7.1,1.1,10,33.1,
1869,4,16,6,0,29.8,
1869,5,15.5,6.5,0,75.9,
1869,6,18.9,8.8,0,36.2,
1869,7,24.1,12.4,0,27,
1869,8,21.5,10.7,0,33.6,
1869,9,19,11.3,0,112.1,
1869,10,13.9,6.1,4,28.1,
1869,11,10,3.2,8,61.3,
1869,12,5.6,1,9,87.5,
1870,1,5.9,1.3,10,30.2,
1870,2,5.1,0.8,13,48.7,
1870,3,8.3,1.5,13,42.6,
1870,4,15.6,3.7,4,13.5,
1870,5,18,6.3,2,26.3,
1870,6,22.3,11.2,0,17.3,
1870,7,24.9,13,0,22.6,
1870,8,21.4,10.6,0,59.8,
1870,9,18.3,8.2,0,33.8,
1870,10,14.1,6.7,0,74.6,
1870,11,8.3,2.1,10,29.6,
1870,12,3.2,-2.3,19,50.9,
1871,1,2.7,-1.2,20,28.2,
1871,2,9,3.8,4,25.1,
1871,3,11.9,3.2,4,24.3,
1871,4,13.8,5.3,4,67.1,
1871,5,17,5.8,0,11,
1871,6,17.5,9,0,81.3,
1871,7,21.1,11.9,0,96.3,
1871,8,23.8,12,0,13,
1871,9,17.9,9.6,0,118.8,
1871,10,14.1,6,2,30.4,
1871,11,6.4,0.2,14,18.4,
1871,12,6,0.9,12,27.4,
1872,1,7.9,2.6,5,103.7,
1872,2,10.1,4.7,0,38.6,
1872,3,11.2,3.6,8,49.1,
1872,4,13.9,4.5,2,48,
1872,5,15.2,5.9,1,65.2,
1872,6,20.4,10.2,0,74.1,
1872,7,23.7,12.9,0,75.9,
1872,8,21,11.3,0,30.1,
1872,9,18.3,10,0,25.5,
1872,10,12.6,5.2,1,74.4,
1872,11,10.1,4.6,1,80.8,
1872,12,7.9,3.5,6,96.9,
1873,1,7.8,3.2,9,56.3,
1873,2,4.2,-0.1,13,40.9,
1873,3,9.7,2.2,3,60.1,
1873,4,12.8,3.9,3,12.2,
1873,5,16.1,5.4,1,59.3,
1873,6,20,10.3,0,70.7,
1873,7,22.6,11.8,0,57.3,
1873,8,21.6,12.6,0,66.8,
1873,9,16.9,7.8,0,45.9,
1873,10,12.9,4.7,6,68.6,
1873,11,9.6,3.8,4,43.7,
1873,12,7.3,2.1,10,12.3,
1874,1,8.6,3,6,58.8,
1874,2,7.1,1,12,43.2,
1874,3,11,3.1,8,15.8,
1874,4,15.7,5.4,1,32.5,
1874,5,15.7,6,1,39.7,
1874,6,20.4,9,0,17.6,
1874,7,25.3,11.8,0,12.8,
1874,8,21.2,11.2,0,45.9,
1874,9,18.6,10.4,0,85.7,
1874,10,14.7,7.8,0,80,
1874,11,8.7,2.5,9,64.6,
1874,12,3.5,-2.3,22,46.8,
1875,1,9.3,4.9,2,90.4,
1875,2,4.5,-0.4,20,37.3,
1875,3,8.6,2.4,9,28.5,
1875,4,13.4,3.5,3,37.6,
1875,5,18.3,7.8,0,45.1,
1875,6,20.6,10.5,0,75.8,
1875,7,19.9,11.1,0,119.2,
1875,8,21.9,12.8,0,45.9,
1875,9,20.1,11.4,0,51.9,
1875,10,12.6,6.4,0,192.9,
1875,11,8.4,3.6,5,97.2,
1875,12,6.2,2.4,9,22.5,
1876,1,5.5,0.6,14,43.9,
1876,2,8.1,3,5,72.8,
1876,3,8.6,1.9,8,87.4,
1876,4,13,4.8,2,73.3,
1876,5,15.4,4.7,1,20.4,
1876,6,20.8,10,0,52.8,
1876,7,24.5,13.1,0,21.8,
1876,8,23.8,11.9,0,68.3,
1876,9,17.4,9.8,0,148.6,
1876,10,14.8,8.8,0,25.9,
1876,11,9.7,4.1,5,83.2,
1876,12,8.8,4.9,4,130.2,
1877,1,9.3,3.2,3,118.5,
1877,2,9.4,4,3,39.9,
1877,3,9,2.2,9,50.5,
1877,4,12.1,4.3,0,55,
1877,5,14.5,5.5,4,58.4,
1877,6,22.2,10.5,0,25.5,
1877,7,21.1,11.1,0,85.4,
1877,8,20.5,11.9,0,87.3,
1877,9,15.9,7.6,0,63.5,
1877,10,13.7,5.2,2,43.1,
1877,11,10.8,4.3,0,98.2,
1877,12,7.8,2.3,7,44.6,
1878,1,7.5,2.6,8,44.3,
1878,2,8.8,4.2,4,34.2,
1878,3,9.5,2.2,9,19.5,
1878,4,14.1,5.5,3,58.4,
1878,5,17.7,8.4,0,126.7,
1878,6,21.1,11.1,0,49,
1878,7,22.2,12.6,0,29.1,
1878,8,21.7,13.1,0,130.7,
1878,9,18.1,9.4,0,34.4,
1878,10,14.1,7.4,0,54.1,
1878,11,6.6,2.6,5,58.1,
1878,12,3.1,-2,20,38.6,
1879,1,1.6,-2.8,27,76.5,
1879,2,6,1.1,9,84.6,
1879,3,8.6,1.1,10,22.3,
1879,4,9.5,2.4,7,62.1,
1879,5,12.9,5.2,3,57.6,
1879,6,17,10.2,0,110.7,
1879,7,17.5,11.4,0,86.8,
1879,8,18.7,11.8,0,128.7,
1879,9,16.6,9.5,0,73.6,
1879,10,12.2,6,0,18.6,
1879,11,6.7,0.9,13,17.4,
1879,12,3.7,-3.2,24,18.7,
1880,1,3,-2.5,22,11.1,
1880,2,9,2.4,5,60.9,
1880,3,11.7,2.5,7,35.3,
1880,4,12.2,4.7,1,48.7,
1880,5,15.9,6.4,0,21.1,
1880,6,17.9,10,0,87.6,
1880,7,19.7,12.2,0,155.1,
1880,8,20.5,13.2,0,12.7,
1880,9,19.8,11.5,0,88.6,
1880,10,12.2,4.9,3,133.5,
1880,11,9.8,3.1,9,47.8,
1880,12,9.3,3.6,5,75.7,
1881,1,1.8,-4,20,31.9,
1881,2,6.3,1.5,10,70.2,
1881,3,10.3,2.1,11,37.7,
1881,4,12.9,3.1,7,19.9,
1881,5,17.7,6.9,1,31.9,
1881,6,19.2,10.3,0,48,
1881,7,22.7,12.5,0,63.7,
1881,8,19.2,10.8,0,118.2,
1881,9,17.6,9.5,0,35.5,
1881,10,11.9,4.2,5,42.8,
1881,11,12.5,6.9,0,82,
1881,12,7.1,2.1,7,75.5,
1882,1,7.7,2.8,6,28.4,
1882,2,9.2,3.5,3,38.8,
1882,3,12.6,4,3,28.2,
1882,4,13.7,5.1,1,99.7,
1882,5,17.4,7.3,0,47,
1882,6,17.5,9.7,0,83.8,
1882,7,20,11.9,0,82.2,
1882,8,19.9,11.5,0,33.8,
1882,9,17.3,8.3,0,51.4,
1882,10,13.6,7.2,1,147.9,
1882,11,9.6,3.5,3,84.8,
1882,12,7.2,2.5,9,80.3,
1883,1,8.2,3.3,3,57.8,
1883,2,9.9,4,0,95.1,
1883,3,7.2,-1.2,22,24,
1883,4,14,4.5,3,25.7,
1883,5,16.2,7.1,1,47.9,
1883,6,19.6,10.1,0,91.7,
1883,7,18.8,11.2,0,87.9,
1883,8,21,11.8,0,18.7,
1883,9,17.5,10.4,0,98.4,
1883,10,13.8,7.4,0,48.2,
1883,11,10.3,3.3,4,79.4,
1883,12,7.3,2.7,5,11.4,
1884,1,9.5,5.1,0,55.7,
1884,2,8.9,3.1,4,32.2,
1884,3,10.9,3,4,39.3,
1884,4,11.7,3.1,6,40.2,
1884,5,17.6,6.6,0,19.4,
1884,6,19.5,9.9,0,54.6,
1884,7,21.5,12.4,0,57.5,
1884,8,23.9,12,0,38.7,
1884,9,19.7,10.9,0,31.2,
1884,10,13.7,6.1,0,19.4,
1884,11,8.8,2.6,10,41.4,
1884,12,7.3,2.9,4,51.3,
1885,1,5,0.9,14,49.4,
1885,2,9.8,3.8,4,73.3,
1885,3,9.4,1.2,10,29.8,
1885,4,13,3.6,4,45,
1885,5,13.7,5.3,0,53.5,
1885,6,19.8,9.8,0,39.9,
1885,7,22.7,11.9,0,3.1,
1885,8,18.9,9.9,0,41.7,
1885,9,17.1,8.6,0,111.9,
1885,10,11.2,4.8,0,98.4,
1885,11,8.4,4,5,91,
1885,12,6.4,1.3,11,24.8,
1886,1,4.6,-0.5,15,97.6,
1886,2,3.3,-1.1,20,19.9,
1886,3,7.8,1.5,17,41.8,
1886,4,12.9,3.8,4,59,
1886,5,15.7,7,0,122.3,
1886,6,18.6,9.5,0,33.6,
1886,7,21.8,12,0,93.5,
1886,8,21.2,12,0,39.7,
1886,9,19,10.3,0,49.7,
1886,10,15.1,8.7,0,88.1,
1886,11,9.5,3.8,5,64.3,
1886,12,5.5,-0.3,13,120.8,
1887,1,4.7,-0.5,15,65.3,
1887,2,7.5,0.5,17,15.2,
1887,3,7.3,-0.1,13,45.7,
1887,4,11.6,1.9,5,29.1,
1887,5,14.4,6.1,0,49.9,
1887,6,21.6,10.2,0,32.8,
1887,7,24,12.4,0,18,
1887,8,22.2,10.5,0,40.5,
1887,9,16.3,8.1,0,61.2,
1887,10,11.5,3.5,6,53.7,
1887,11,7.8,2.2,8,46,
1887,12,5.7,0.3,17,35.3,
1888,1,5.6,0.7,17,19.8,
1888,2,4.1,-0.7,20,71.7,
1888,3,6.9,0.9,15,77.6,
1888,4,10.4,3,8,39.5,
1888,5,16.3,6.3,0,39.4,
1888,6,18.3,9.6,0,77,
1888,7,18,10.9,0,119.6,
1888,8,19,10.5,0,47.6,
1888,9,17.6,8.8,0,33,
1888,10,13,3.7,9,19.5,
1888,11,10.5,6,0,114.8,
1888,12,7.6,2.5,11,56.8,
1889,1,5.1,-0.1,14,16.1,
1889,2,5.8,-0.4,17,47.7,
1889,3,9,1.4,12,50.4,
1889,4,10.9,3.8,1,79,
1889,5,17.3,8.9,0,87.4,
1889,6,20.6,10.9,0,50.5,
1889,7,20,11.3,0,72.4,
1889,8,19.6,10.8,0,60.7,
1889,9,17.5,9.1,0,45.2,
1889,10,12.8,5.4,1,62.5,
1889,11,9.5,4.3,4,26.5,
1889,12,5.6,0.1,16,30.1,
1890,1,8.7,3.3,3,51,
1890,2,6.3,0.3,12,18.7,
1890,3,10.1,2.6,5,21.9,
1890,4,11.9,3,6,25.8,
1890,5,17,6.6,0,45.2,
1890,6,19,9.7,0,44.6,
1890,7,19.3,11.2,0,77.2,
1890,8,19.4,10.8,0,62.7,
1890,9,20.2,9.9,0,26.3,
1890,10,14,5.7,1,33.6,
1890,11,9.2,3,7,47.1,
1890,12,0.2,-4,25,13.3,
1891,1,4.3,-1.9,20,39.4,
1891,2,8.9,-0.2,13,2.5,
1891,3,7.9,0.9,13,35.4,
1891,4,11.2,2.2,5,24,
1891,5,14.1,5.6,2,65.8,
1891,6,19.9,10.4,0,36.3,
1891,7,19.3,10.7,0,62.3,
1891,8,18,10.9,0,119.7,
1891,9,18.6,9.8,0,36.8,
1891,10,13.2,6.6,1,150.1,
1891,11,8.4,3.2,3,62.6,
1891,12,7.3,1.6,9,86.1,
1892,1,4.8,-0.3,18,12,
1892,2,6.4,0.9,9,18.6,
1892,3,6.9,-0.9,23,9.5,
1892,4,14.3,1.7,10,19.5,
1892,5,17.1,6.9,3,32.8,
1892,6,19.2,8.7,0,52.7,
1892,7,18.9,10.3,0,84.4,
1892,8,20.4,11.5,0,78.7,
1892,9,16.9,8.9,0,59.1,
1892,10,11.1,4,4,85.6,
1892,11,9.4,3.8,6,49.2,
1892,12,4.7,-0.6,17,25.3,
1893,1,4.4,-0.3,15,43.1,
1893,2,8,2.5,5,69.4,
1893,3,13.7,1.7,12,9.4,
1893,4,18,3.9,2,1.5,
1893,5,19.4,7.7,0,23.1,
1893,6,21.8,10.2,0,19.6,
1893,7,21.6,12.5,0,98.9,
1893,8,23.2,13,0,27.7,
1893,9,18.6,8.9,0,16,
1893,10,14.3,6.6,1,73.5,
1893,11,8.2,1.7,12,42.5,
1893,12,7.8,1.3,5,47.7,
1894,1,6.1,1.2,9,49.6,
1894,2,8.6,2.2,7,41.3,
1894,3,11.8,2.2,5,45,
1894,4,15,5.1,0,46.9,
1894,5,14.1,5.3,1,39.3,
1894,6,18.2,9.9,0,74,
1894,7,20.6,12,0,84.8,
1894,8,18.6,11,0,69.7,
1894,9,16,8.3,0,47.1,
1894,10,12.5,6.9,1,89.4,
1894,11,10.6,5.4,0,126.1,
1894,12,7.5,2.8,9,52.6,
1895,1,3.1,-1.8,20,66.3,
1895,2,1.8,-5.3,24,4.4,
1895,3,10,2,9,39.2,
1895,4,13.1,5,1,46.4,
1895,5,19,7.3,0,4.6,
1895,6,21.4,9.8,0,28.6,
1895,7,20.4,12.2,0,91.5,
1895,8,20.5,12.1,0,62.5,
1895,9,22.4,9.9,0,16.4,
1895,10,11.6,3.9,8,76.6,
1895,11,11.1,5.4,1,113.5,
1895,12,6.8,1.9,6,56.5,
1896,1,7.2,2.4,5,16.8,
1896,2,8,1.4,9,10.1,
1896,3,11.4,4.3,3,69,
1896,4,14,5.4,0,17.5,
1896,5,18.2,6.6,1,6.1,
1896,6,21.9,12,0,65,
1896,7,22.8,12.1,0,37.4,
1896,8,19.6,10.6,0,79.8,
1896,9,17,10.7,0,152.6,
1896,10,11.5,4.5,3,81.1,
1896,11,7.8,1.6,8,21.8,
1896,12,6.7,1.7,11,77.3,
1897,1,3.9,-0.2,15,44.7,
1897,2,8.8,4.1,2,60,
1897,3,10.6,4.1,3,73.6,
1897,4,11.6,4.1,2,53.5,
1897,5,15.7,5.7,1,17.9,
1897,6,20.6,11.2,0,74.1,
1897,7,22.4,12.3,0,67.1,
1897,8,20.9,12.1,0,108.9,
1897,9,16.7,8.9,0,59.7,
1897,10,14.2,6.3,0,36,
1897,11,10.2,4.3,2,29.8,
1897,12,7.6,1.9,10,65.5,
1898,1,8.6,4.2,5,12.8,
1898,2,8.5,2,7,32.9,
1898,3,8.5,0.6,15,17.6,
1898,4,13.6,3.7,4,36,
1898,5,14.8,6.8,0,61.7,
1898,6,18.8,9.5,0,34.8,
1898,7,21.3,11.1,0,15.2,
1898,8,22.4,12.5,0,43.8,
1898,9,22.2,10,0,10.5,
1898,10,14.6,8.4,0,125.6,
1898,11,10.4,4.7,3,50.9,
1898,12,10.1,5.1,4,65.2,
1899,1,8.5,2.9,5,75.3,
1899,2,9.5,2.1,10,51.2,
1899,3,10.6,0.4,16,7.4,
1899,4,12.2,5.1,2,48.8,
1899,5,15.4,6.2,0,38,
1899,6,22,10.3,0,20.3,
1899,7,23.8,13.3,0,42.9,
1899,8,24.9,12.3,0,47.6,
1899,9,18.6,10.3,0,58.2,
1899,10,14.1,4.7,2,70.1,
1899,11,11.3,5.4,3,66.6,
1899,12,5,-0.2,14,33.2,
1900,1,7.2,2.1,5,58.5,
1900,2,6,0.7,14,107,
1900,3,7.2,0.9,8,12.9,
1900,4,13.8,3.8,3,22.8,
1900,5,15.2,6.3,0,34,
1900,6,19.5,10.6,0,69.4,
1900,7,24.3,13.4,0,22.4,
1900,8,20.4,11.5,0,79.8,
1900,9,19.6,9.2,0,10.4,
1900,10,14.2,6.7,0,59.1,
1900,11,10.3,5.4,2,42.2,
1900,12,10.2,5,2,81.9,
1901,1,6,1,15,26.9,
1901,2,4.9,0.1,13,32.8,
1901,3,7.6,1.2,8,36.1,
1901,4,14,4.3,1,53.2,
1901,5,17.4,6.2,1,31.8,
1901,6,19.8,9.4,0,38.6,
1901,7,23.8,13.2,0,118.1,
1901,8,21.4,11.5,0,54.3,
1901,9,18.5,10,0,47,
1901,10,14.1,6.2,3,30.5,
1901,11,8.1,1.7,11,13.4,
1901,12,6.4,0.9,12,83.5,
1902,1,7.8,2.6,10,17.1,
1902,2,4.7,-0.5,18,26.9,
1902,3,11,3.8,4,30.8,
1902,4,12.7,3.5,4,30.6,
1902,5,13.8,5.4,1,38.6,
1902,6,18.5,9.8,0,50.1,
1902,7,20.5,11,0,15.7,
1902,8,19.6,11.1,0,56,
1902,9,18,8.5,0,27.9,
1902,10,13,6.8,0,39,
1902,11,9.6,4.5,4,56.8,
1902,12,7,2.5,7,33.9,
1903,1,6.9,2.4,8,65.4,
1903,2,10.5,4.5,1,19.8,
1903,3,11.1,4.3,0,77.1,
1903,4,11,2.6,9,58.5,
1903,5,16.2,7.2,0,111,
1903,6,17.5,8.9,0,141.8,
1903,7,20.7,11.9,0,88.2,
1903,8,18.8,10.9,0,84.7,
1903,9,17.8,9.7,0,39.3,
1903,10,14,8.5,0,163.3,
1903,11,9.6,3.9,4,38.2,
1903,12,5.7,1.6,10,26.5,
1904,1,6.8,1.4,10,79.1,
1904,2,6.4,1.5,8,76,
1904,3,8.3,1.6,7,26.4,
1904,4,13.8,5.4,0,20.4,
1904,5,15.6,7.4,0,81.7,
1904,6,18.8,9.2,0,26.5,
1904,7,23.2,13,0,85.1,
1904,8,20.6,11,0,38.7,
1904,9,17.3,7.9,0,31.6,
1904,10,13.5,6.3,1,21.8,
1904,11,8.5,2,11,39.5,
1904,12,6.4,1.6,11,46.9,
1905,1,6.3,0.4,15,19.9,
1905,2,8.4,3.2,2,10.2,
1905,3,11.1,3.9,2,75.7,
1905,4,11.5,4.5,1,49,
1905,5,16.7,6.1,1,19.5,
1905,6,19.5,10.9,0,105.1,
1905,7,23.3,13.4,0,4,
1905,8,19.7,11.4,0,80.4,
1905,9,16.8,9.4,0,32.5,
1905,10,11.4,3.8,6,35.4,
1905,11,8.3,2.2,7,75.5,
1905,12,7,2.2,7,25.1,
1906,1,8.4,3.1,3,89.3,
1906,2,6.6,0.7,10,40.4,
1906,3,9.3,2.1,9,32.2,
1906,4,13.8,2.1,9,9,
1906,5,15.5,7.2,0,45,
1906,6,20.2,9.3,0,86.9,
1906,7,22.2,11.6,0,26.7,
1906,8,23.4,12.6,0,25.4,
1906,9,20.4,9.4,0,25,
1906,10,14.9,8.3,0,104.8,
1906,11,10.5,4.7,3,82.4,
1906,12,6.2,0.6,13,48.3,
1907,1,6.3,1.1,10,15.5,
1907,2,6.3,0.3,13,28.6,
1907,3,12.1,1.8,8,21.3,
1907,4,12.6,4.1,1,57.4,
1907,5,15.9,7.3,0,59.6,
1907,6,16.8,9.5,0,75.1,
1907,7,19.2,10.4,0,86,
1907,8,19.3,11,0,34.9,
1907,9,19.7,9,0,18.1,
1907,10,13.7,7,0,135.9,
1907,11,10.2,4.2,2,57.5,
1907,12,7.8,3,3,97.7,
1908,1,5.5,-0.4,18,42.4,
1908,2,8.6,2.7,4,22.2,
1908,3,8.3,1.5,6,67.7,
1908,4,10.4,2.4,10,109.4,
1908,5,17.6,9,0,37.2,
1908,6,20.5,9.8,0,43.1,
1908,7,21.5,12.2,0,54.2,
1908,8,20,10.7,0,77,
1908,9,17,9.4,0,41.9,
1908,10,16.1,8.1,1,29.7,
1908,11,11.1,5,3,28.6,
1908,12,6.5,1.6,5,49.9,
1909,1,6.2,1.1,12,20.9,
1909,2,6.5,-0.6,17,10.6,
1909,3,7.1,1.2,9,63.7,
1909,4,15.1,3.5,5,50.2,
1909,5,17.3,5.4,0,48.1,
1909,6,16.1,8.8,0,101.4,
1909,7,19.6,11.7,0,61.5,
1909,8,21.2,11.7,0,83.7,
1909,9,16.1,9.1,0,79.1,
1909,10,14.1,8.1,2,90.8,
1909,11,8.3,2.3,10,16.1,
1909,12,7.3,1.9,9,78.4,
1910,1,6.7,1.6,9,40.4,
1910,2,8.6,2.8,4,74.8,
1910,3,10.6,1.9,10,15.4,
1910,4,11.8,4.2,3,73,
1910,5,16.5,7.3,1,52.6,
1910,6,19.9,11.3,0,75.7,
1910,7,18.3,11.1,0,51.1,
1910,8,19.5,12,0,48,
1910,9,17.1,9.1,0,11.2,
1910,10,14.2,8.5,0,94.6,
1910,11,6.9,0.4,17,78.6,
1910,12,8.8,4.7,1,125.9,
1911,1,6.3,1.3,9,20.4,
1911,2,8,2.4,6,35.3,
1911,3,8.5,2.7,2,41.7,
1911,4,12.2,4.2,6,29.6,
1911,5,18.6,8.4,0,56,
1911,6,20.1,10.5,0,30.2,
1911,7,26.1,13.1,0,10.8,
1911,8,24.9,14,0,26.1,
1911,9,21.4,9.4,0,36.5,
1911,10,13.4,6.7,1,62.6,
1911,11,9.3,3.6,4,61.9,
1911,12,9.1,4.6,1,126.9,
1912,1,6.8,1.7,9,111.5,
1912,2,8.8,3.7,6,54.2,
1912,3,10.8,5,0,83.3,
1912,4,14.7,3.8,2,0.6,
1912,5,17.5,8.8,0,55.2,
1912,6,18.6,10.2,0,83,
1912,7,21.1,12.5,0,78.7,
1912,8,17.1,10,0,123.6,
1912,9,15.2,7.7,0,29.8,
1912,10,13.3,3.9,7,80.8,
1912,11,9.2,4.1,3,47.2,
1912,12,10.1,5,1,85.9,
1913,1,7.6,3,5,77,
1913,2,7.8,1.9,9,24.9,
1913,3,10.4,3.3,4,68.1,
1913,4,12.2,4.7,1,96.8,
1913,5,17,7.8,0,68.4,
1913,6,19.9,10,0,14.5,
1913,7,19.6,11.4,0,20.1,
1913,8,21,11.1,0,20.4,
1913,9,18.6,10.8,0,47.6,
1913,10,15,8.5,1,120.9,
1913,11,11.9,5.7,2,63.6,
1913,12,7.5,2.8,10,24.2,
1914,1,6,1.2,13,13.9,
1914,2,10.4,3.8,2,51.4,
1914,3,10.1,3.3,6,92,
1914,4,15.9,4.7,0,29.8,
1914,5,16.6,6.4,2,37.1,
1914,6,20.8,10,0,77.4,
1914,7,20.9,12.2,0,77.7,
1914,8,21.8,12.1,0,47.3,
1914,9,19.5,8.3,0,22.2,
1914,10,14.6,7.2,0,74.8,
1914,11,10.2,4,6,74.1,
1914,12,8,2.6,6,147.9,
1915,1,6.5,2.2,6,81.1,
1915,2,7.9,1.9,7,91.7,
1915,3,9.3,1.8,11,33.1,
1915,4,12.9,3.5,1,21,
1915,5,17.1,6.4,0,90.3,
1915,6,20.6,9.5,0,35.1,
1915,7,19.7,11.3,0,114.1,
1915,8,20.8,12.2,0,35.2,
1915,9,18.8,8.6,0,74.3,
1915,10,12.7,6.3,2,53.3,
1915,11,6.9,0.1,15,64.6,
1915,12,9,3.5,6,127.1,
1916,1,10.3,5.1,0,38.1,
1916,2,6.5,1.1,10,97.3,
1916,3,6.5,1.1,9,131.8,
1916,4,13.9,4.3,1,25.2,
1916,5,17.3,7.6,0,51.6,
1916,6,15.9,8.1,0,46.9,
1916,7,20.9,11,0,45.3,
1916,8,21.8,12.6,0,102.9,
1916,9,17.6,9,0,23.3,
1916,10,14.6,8.2,2,93.7,
1916,11,9.4,3.8,4,85.6,
1916,12,4.1,-0.6,18,72.3,
1917,1,3.2,0.1,18,36.5,
1917,2,4.3,-1.4,16,32,
1917,3,6.9,0,15,45.5,
1917,4,10.5,1.8,11,41.5,
1917,5,19.5,8.2,0,42,
1917,6,21.4,10.8,0,56.4,
1917,7,21.1,11.9,0,82.9,
1917,8,19,12.7,0,101.3,
1917,9,18.7,10.8,0,43.1,
1917,10,12.2,4,1,106,
1917,11,10.6,5.3,2,17.3,
1917,12,4.7,-0.7,18,24.5,
1918,1,6.4,1.3,13,69.6,
1918,2,9.2,3.9,5,27.9,
1918,3,10.9,2.1,7,19.8,
1918,4,10.5,3.6,2,81.5,
1918,5,19.1,8,0,47,
1918,6,18.9,8.5,0,33.3,
1918,7,20.8,11.7,0,100.6,
1918,8,21.1,12,0,30.5,
1918,9,16.1,9,0,126.1,
1918,10,12.6,6.4,0,44.3,
1918,11,9.2,2.1,11,49.5,
1918,12,9.9,5,2,59.5,
1919,1,5.2,0.6,12,85.5,
1919,2,4.3,-1,15,55.7,
1919,3,7.5,1,11,97.9,
1919,4,11.8,3.3,7,57.1,
1919,5,19.5,7.8,0,15.6,
1919,6,20.4,9.7,0,17.9,
1919,7,18.7,10.2,0,59.7,
1919,8,22.4,12,0,72.5,
1919,9,18,8.7,1,31.5,
1919,10,12.1,2.3,5,38.2,
1919,11,6.1,1,12,21.8,
1919,12,8.6,3.2,3,112.3,
1920,1,8.6,2.8,6,54.3,
1920,2,9.9,2.7,6,16.1,
1920,3,12,3.8,3,41.8,
1920,4,12,5.9,0,78.5,
1920,5,17.1,7.8,0,42.9,
1920,6,19.6,10.1,0,81.2,
1920,7,18.2,11,0,119,
1920,8,18,9.7,0,28.5,
1920,9,18.1,9.3,0,45,
1920,10,14.5,6.6,1,48.9,
1920,11,9.8,3.4,7,35.1,
1920,12,6.8,2.2,9,58.9,
1921,1,9.9,5.2,2,62.4,
1921,2,8.6,1.4,7,14.3,
1921,3,11.8,4.1,1,23.8,
1921,4,14.2,3.9,3,23.1,
1921,5,17.5,6.9,1,38,
1921,6,21.4,9.5,0,8.7,
1921,7,26.1,13.3,0,7.2,
1921,8,20.9,12.1,0,41.9,
1921,9,20.6,9.3,0,43.6,
1921,10,18.9,8.2,0,32.5,
1921,11,8,1.7,12,42.9,
1921,12,9.4,3.6,5,40.9,
1922,1,7.1,1.3,13,61.2,
1922,2,8.3,1.4,11,58,
1922,3,8.5,1.8,8,48.9,
1922,4,10.4,1.9,7,71.9,
1922,5,19.9,8.1,0,34,
1922,6,19.9,9.3,0,30.3,
1922,7,18.5,10.4,0,90.2,
1922,8,18.1,10.1,0,130.4,
1922,9,16.9,8.8,0,35.4,
1922,10,12.9,4,6,12.7,
1922,11,9,2.3,8,31.2,
1922,12,8.4,3.9,1,66.4,
1923,1,8.4,2.2,4,40.6,
1923,2,8.8,3.7,2,91.3,
1923,3,9.8,3.6,1,66.8,
1923,4,12.2,4.3,2,57.9,
1923,5,14.7,6,1,36.6,
1923,6,17.3,8.8,0,10.8,
1923,7,23.4,13.5,0,37.9,
1923,8,21.4,11.1,0,83.8,
1923,9,18,8.5,0,46.3,
1923,10,13.6,7.1,0,99.7,
1923,11,6.8,0,13,34.6,
1923,12,7.4,1,14,60.4,
1924,1,7.7,3,5,80.1,
1924,2,6.3,0.4,12,6.5,
1924,3,9.6,-0.2,21,23.8,
1924,4,12.5,3.7,5,67.6,
1924,5,16.9,8,0,100.6,
1924,6,19.1,10.4,0,69.3,
1924,7,20.7,10.9,0,92.5,
1924,8,18.8,10.5,0,49.8,
1924,9,17.4,10.5,0,108.4,
1924,10,14.1,7.3,1,99,
1924,11,10.1,4.8,4,47.2,
1924,12,9.1,4.3,1,110.1,
1925,1,8.4,2.3,6,40.9,
1925,2,9,2.5,2,86.4,
1925,3,8.9,1.5,13,11.9,
1925,4,12.2,3.6,1,56.6,
1925,5,16.8,7.8,0,68,
1925,6,21.5,9.9,0,1.7,
1925,7,22.5,12.3,0,98.9,
1925,8,20.1,12,0,59.5,
1925,9,16.3,7.8,0,82,
1925,10,15.2,6.9,2,71.4,
1925,11,7.7,1.4,16,47.6,
1925,12,6,0.4,15,51.5,
1926,1,7.5,1.5,9,101,
1926,2,10.2,4.7,1,54.1,
1926,3,10.6,3.3,2,16.8,
1926,4,14.1,5.2,0,68.8,
1926,5,15.1,6.6,0,79.5,
1926,6,18.8,9.4,0,61.9,
1926,7,21.6,12.9,0,67.6,
1926,8,21.6,12.1,0,30.2,
1926,9,19.6,11,0,35.7,
1926,10,12.6,4.5,7,55,
1926,11,10,3.6,5,113.5,
1926,12,6.9,1.3,10,11.3,
1927,1,7.8,1.8,7,60.6,
1927,2,7,1.3,12,97.9,
1927,3,11.5,4.4,1,60.4,
1927,4,13.1,4.5,1,44.1,
1927,5,17.7,6.8,1,21.4,
1927,6,17.9,8.8,0,81.1,
1927,7,19.6,12.6,0,78.4,
1927,8,20.1,12.2,0,105.4,
1927,9,16.4,9.6,0,133.8,
1927,10,15,6.8,0,48.1,
1927,11,9.5,3.5,8,67.1,
1927,12,4,0.3,12,87,
1928,1,9,2.2,3,97.3,
1928,2,10.3,2.2,7,44.9,
1928,3,10.6,3.4,6,39,
1928,4,13,4.5,3,22.5,
1928,5,16.5,6.4,1,14.8,
1928,6,18.6,9.1,0,45.1,
1928,7,23.3,12.4,0,48,
1928,8,20.2,11.7,0,33.3,
1928,9,19.2,7.9,0,16,
1928,10,14.8,6.8,1,83.9,
1928,11,11.5,4.6,2,70.8,
1928,12,6.6,0.4,9,55.8,
1929,1,3.7,-1.1,21,29.8,43.8
1929,2,3.3,-3,19,14.1,60.5
1929,3,12.9,-0.1,17,1.4,190.2
1929,4,11.8,2.5,6,34.3,144.7
1929,5,17.1,6.4,2,28.4,240.9
1929,6,18.9,8.9,0,24.3,210.3
1929,7,22.7,11.2,0,34.8,219.7
1929,8,21.2,11.6,0,25.4,176.3
1929,9,23.2,10.7,0,2.6,199.1
1929,10,14.1,6.3,2,77.7,109.2
1929,11,11,3.3,9,165.9,78.7
1929,12,9.2,3.4,5,131.7,67
1930,1,9,3.4,1,73,49.9
1930,2,5.4,0.3,13,13.7,54.3
1930,3,9.8,1.8,10,31,109.7
1930,4,12.5,5,1,55.1,102
1930,5,15.6,7,0,54.9,134.5
1930,6,21.1,10.8,0,20.1,211.2
1930,7,20.1,11.7,0,79.5,174.1
1930,8,21.2,12,0,51.9,207.5
1930,9,18,10.5,0,90.8,108.2
1930,10,14.6,7.5,0,32,113.5
1930,11,10.2,2.8,8,106.1,68.7
1930,12,7,1.9,9,76.8,23.3
1931,1,6.5,0.8,14,36.2,63.7
1931,2,7.4,1.3,6,43.7,72
1931,3,9.2,0.3,16,3.7,142.3
1931,4,11.8,4.7,0,75.8,93.5
1931,5,16.1,7.8,0,72.8,150.1
1931,6,19.5,11,0,89.7,158.7
1931,7,19.6,12.1,0,80.6,127.9
1931,8,19.1,11.2,0,90.4,135.5
1931,9,15.7,8.3,0,62.9,92.3
1931,10,13.4,5.2,8,18.1,102.5
1931,11,11,5.1,1,90.6,62.4
1931,12,7.8,2.8,6,28.8,38.5
1932,1,9.4,3.5,5,38.3,51
1932,2,5.8,-0.4,17,3.5,57.9
1932,3,9.6,0.4,15,54.4,133.4
1932,4,11.3,3.8,1,62.1,110.9
1932,5,14.8,7.5,0,139.1,112.4
1932,6,19.2,9.5,0,14.6,199.3
1932,7,20.6,12.7,0,61.6,124
1932,8,22.9,13.6,0,64.7,178.3
1932,9,17.7,9.7,0,66,102.1
1932,10,13.1,5.9,1,120.8,100.7
1932,11,9.6,4,1,31.5,55.7
1932,12,8.2,3.5,4,17.7,58
1933,1,5.3,-0.7,19,44.5,69.5
1933,2,7.9,1.4,14,88.6,94.3
1933,3,12.9,3.3,4,60.6,187.6
1933,4,14.4,4.5,2,25.3,152.5
1933,5,17.7,8.1,0,44.9,170.2
1933,6,21.4,10.6,0,34.1,226.9
1933,7,23.9,13.6,0,47.5,237.6
1933,8,24.6,12.7,0,20.5,242.7
1933,9,20.6,10.7,0,52.8,177.3
1933,10,14,6.7,1,36.3,101.3
1933,11,8.8,2.8,6,28.5,53.9
1933,12,3.5,-0.7,16,7.8,59
1934,1,7.5,0.6,12,47.8,65.9
1934,2,7.5,-0.5,14,7.7,96.6
1934,3,9.6,1.3,8,45.2,122.5
1934,4,12.7,4.5,3,53,124.9
1934,5,17.6,6.9,0,18,216.3
1934,6,21.1,10.6,0,36.6,192.7
1934,7,25.3,12.9,0,24,269.3
1934,8,21.1,11.4,0,46.2,184.9
1934,9,20.2,10.7,0,61.4,149.1
1934,10,14.5,7.6,1,34.9,81.5
1934,11,9.3,3.9,3,41.4,48.7
1934,12,10.5,5.9,0,142.2,31.3
1935,1,7.3,2.5,5,13.9,48.1
1935,2,9.3,2.9,4,52,62
1935,3,11.1,2.8,6,11.4,121.5
1935,4,12.6,4.4,3,91.8,127.3
1935,5,15.1,5.4,2,35.9,188.5
1935,6,20,11.2,0,114.6,196.3
1935,7,23.9,12.7,0,12.9,274.3
1935,8,23.4,12.1,0,45.3,199.9
1935,9,18.7,10.2,0,116.3,144.7
1935,10,14,6.1,3,94.9,102.6
1935,11,10.4,4.3,2,103.1,65.4
1935,12,5.6,0.9,12,78.8,48.9
1936,1,7.2,1.7,12,80.3,43.4
1936,2,6.2,-0.3,15,39.6,89.2
1936,3,11,4.1,4,46.5,71.4
1936,4,10.7,2.9,4,41.8,133.2
1936,5,17.1,6.8,0,10.7,179.5
1936,6,20,10.6,0,91.6,166.2
1936,7,19.6,12,0,87.1,119.2
1936,8,22.2,11.7,0,21,184.7
1936,9,18.7,11.3,0,83.7,79.3
1936,10,13.8,5.2,0,33.6,103.1
1936,11,9,2.2,10,67.7,48.9
1936,12,8.5,2.2,8,50.7,62.3
1937,1,8.4,2.5,6,84.8,50.9
1937,2,9.5,3.5,2,120.3,66.6
1937,3,7.7,0.8,12,77.5,99.7
1937,4,13.5,5.8,1,66.9,103.1
1937,5,17.5,8.2,0,66.7,185
1937,6,20,10,0,39.8,181.3
1937,7,21.2,12.6,0,35.2,140.1
1937,8,23.6,12.5,0,11.2,202.3
1937,9,19.3,9.1,0,50.4,143
1937,10,14.8,7.2,0,68.6,79.1
1937,11,8.6,1.6,11,31,65.9
1937,12,6,0.7,14,48.5,41.2
1938,1,8.8,3.4,0,67.3,41.2
1938,2,8.2,2,6,21.3,66.9
1938,3,15.5,4.3,5,8.9,172.3
1938,4,13,2.5,5,2.7,180.9
1938,5,15.9,6.5,1,50.1,144.9
1938,6,20.3,10.8,0,24.3,190.6
1938,7,21,11.7,0,30.4,133.5
1938,8,21.9,12.6,0,91.8,151.3
1938,9,19,10.1,0,54.5,110.9
1938,10,14.7,7.1,0,72,118.1
1938,11,12.9,6.9,0,80.6,70
1938,12,7.2,1.5,11,73.5,52.4
1939,1,7.4,2.3,6,113,46.4
1939,2,9.5,2.8,4,26.6,104.9
1939,3,9.6,2.8,4,40,86.2
1939,4,14.1,4.9,1,76.8,171.7
1939,5,16.3,7.3,0,30.1,184.9
1939,6,19.5,9.7,0,49.9,227.9
1939,7,19.8,12.1,0,106.2,139.7
1939,8,21.5,12.4,0,42.6,153.7
1939,9,19.3,10.8,0,13.8,147
1939,10,12.5,5.2,0,134,94.3
1939,11,12.3,6.5,0,104.3,41.1
1939,12,5.6,0.6,11,36.3,46
1940,1,1.9,-4.6,26,74.2,83.1
1940,2,5.6,0.2,13,55.8,22.8
1940,3,10.8,2.5,7,64.3,128.3
1940,4,13.9,5,5,45.2,118.1
1940,5,18.6,7.8,0,38,215.4
1940,6,22.6,11.1,0,15.3,273.4
1940,7,20.5,11.1,0,61,165.1
1940,8,22.1,11.1,0,1.8,199.5
1940,9,19.2,8.6,0,24.1,179.5
1940,10,13.9,6,1,67.1,95.5
1940,11,10.3,4.3,2,175.5,76.8
1940,12,6.6,0.8,11,32.8,46.5
1941,1,3,-1.2,17,64.4,41.7
1941,2,7.3,1.3,11,63.9,67.9
1941,3,9.4,1.4,10,64.5,118.7
1941,4,11.2,3.1,3,26.3,106.9
1941,5,14.1,5,5,43.7,141.9
1941,6,21,10.9,0,52.9,210.3
1941,7,23.6,13.1,0,112.7,227.5
1941,8,19.3,11.3,0,85.1,163.7
1941,9,19,10.4,0,10.6,123.7
1941,10,14.7,6.4,0,28.8,120.2
1941,11,10,4.2,2,66.6,47.1
1941,12,8.3,2.7,6,29.8,46.9
1942,1,3.5,-2,20,87.5,45.1
1942,2,2.8,-2.6,25,16.8,53.9
1942,3,9.4,1.9,9,60.3,69.4
1942,4,14.3,5.1,0,26,202.5
1942,5,16.8,6.8,0,78.8,209.4
1942,6,21.5,9.5,0,4.1,234
1942,7,20.9,11.8,0,46.8,150.1
1942,8,21.8,12.8,0,94.2,132.7
1942,9,18.6,10,0,28.4,124.5
1942,10,14.6,7.3,0,89.4,84.6
1942,11,8.4,1.9,6,50,57.8
1942,12,9.4,4.7,2,85.9,51
1943,1,8.3,2.9,7,96.5,54.7
1943,2,9.5,2.7,3,23.7,79.3
1943,3,11.7,2.2,8,19.6,132.9
1943,4,16.2,6.9,0,25.7,166.6
1943,5,18.2,7.7,0,57.4,244.1
1943,6,20.1,10.3,0,43,192.9
1943,7,23,11.9,0,25,196.7
1943,8,21.8,12.4,0,56.9,178.3
1943,9,18.8,9.2,0,44,142.5
1943,10,15,6.8,0,62,84.9
1943,11,9.6,3.1,5,35.1,72.3
1943,12,6.3,0.7,12,26,49.5
1944,1,9.2,3,6,36.3,41.2
1944,2,6.4,0.9,10,23.2,62.4
1944,3,10.3,1.2,10,6.5,142.7
1944,4,15.8,6.1,0,36.2,147
1944,5,18.3,6.5,1,18.1,235.6
1944,6,19,9.6,0,52.2,170.3
1944,7,21.5,13.1,0,56.2,97.5
1944,8,23.2,13,0,49,185.2
1944,9,17.9,8.6,0,64.8,143.8
1944,10,13.2,6.6,0,85.6,102
1944,11,9.8,3.6,4,91,49.3
1944,12,6,0.8,11,40.5,64.1
1945,1,3.2,-2,22,49.9,51.5
1945,2,10.9,4.7,0,46.8,65.7
1945,3,13.1,3.9,3,20.4,152.6
1945,4,16.1,5.6,2,32.6,209.1
1945,5,18,8.2,2,54,156.1
1945,6,19.7,10.8,0,66.2,182.4
1945,7,22.1,12.8,0,52,159
1945,8,21.3,11.7,0,37.2,144.8
1945,9,18.6,11.5,0,47.5,64.9
1945,10,16.5,8,0,69.4,111.7
1945,11,10,4.4,4,4.8,31
1945,12,8.1,2.5,4,88.9,46.6
1946,1,5.9,0.1,16,35.2,49.9
1946,2,9.4,4,3,56.1,78.7
1946,3,9.6,1.3,9,24.4,107.2
1946,4,16.1,5,0,34.4,203.3
1946,5,15.7,6.2,0,78.6,162.9
1946,6,18.1,9.5,0,58.3,149.8
1946,7,22.3,12.7,0,32.2,197.6
1946,8,20.1,11.4,0,92.2,134.8
1946,9,18.4,11,0,85.4,98.5
1946,10,13.7,7.1,3,20.2,79.3
1946,11,11.2,5.7,1,114.1,42.9
1946,12,6.2,-0.1,13,53.8,74.7
1947,1,4.9,-0.6,15,35.2,59.5
1947,2,-0.2,-4.4,26,42.5,26.3
1947,3,7.7,1.3,14,132.9,70.9
1947,4,13.8,5.2,0,47,150.5
1947,5,19.2,9,0,47.9,147.3
1947,6,21.5,11.4,0,27.4,185.9
1947,7,22.6,13.6,0,43.2,144.5
1947,8,25.8,13.1,0,15,274.9
1947,9,20.7,11.1,0,29.3,159.9
1947,10,15.8,5.6,2,10.5,107.3
1947,11,10.9,4.6,8,32.2,75.4
1947,12,8.1,2.8,6,44.9,37.9
1948,1,9.1,3.2,4,127.3,45.7
1948,2,7.9,2.2,11,22.6,92.9
1948,3,14,3.5,4,18.5,160.2
1948,4,14.8,4.4,2,42.6,205.2
1948,5,17.5,6.5,0,126,237.1
1948,6,18.5,9.9,0,53.7,124.2
1948,7,21.1,12.1,0,21.7,174.7
1948,8,20.1,11.9,0,87.3,133.7
1948,9,19.1,10.7,0,63.1,146.4
1948,10,14.3,6.4,3,59.3,93.7
1948,11,10.5,4.2,7,38.3,68.6
1948,12,9.1,3.4,5,68.7,65.4
1949,1,8.6,3.1,5,23.4,51
1949,2,10.3,1.6,8,25.8,115.1
1949,3,9,1.7,9,43.2,112.5
1949,4,15.5,6.1,1,33.4,182.5
1949,5,16.7,6.6,0,61.4,233.3
1949,6,21.6,10.3,0,11.7,242.1
1949,7,24.7,12.8,0,23,262.5
1949,8,22.9,12.6,0,37.7,210.3
1949,9,22,12.5,0,58.3,151.1
1949,10,16.3,8.4,2,161.8,125
1949,11,9.9,3.4,5,64.2,76.2
1949,12,9.1,3.3,4,34.6,65.4
1950,1,6.9,1.5,12,14.2,40.6
1950,2,9.5,2.8,5,103.9,67.5
1950,3,12.2,3.6,3,22.3,138.8
1950,4,12.5,4.2,2,54.4,163.7
1950,5,16,7.1,0,55.5,174.1
1950,6,22.1,11.8,0,39.1,244.5
1950,7,20.8,12.5,0,135.5,174
1950,8,20.8,12.2,0,77.6,171.1
1950,9,17.3,10,0,73,112.7
1950,10,13.4,6.6,3,12.9,96.6
1950,11,8.7,4,3,112.3,56.9
1950,12,3.7,-0.7,20,33.3,55.3
1951,1,7.1,2,8,78,48.9
1951,2,6.9,1.4,4,87.5,58.6
1951,3,8,1.6,9,90.2,92.6
1951,4,12,2.9,1,64.8,200.4
1951,5,14.5,6.5,0,53.4,152.1
1951,6,19.7,9.4,0,35.9,251.9
1951,7,22.3,12.1,0,34.2,216.7
1951,8,19.9,11.7,0,93.7,174.7
1951,9,18.8,10.7,0,125.1,110.8
1951,10,13.8,5,4,22.9,105.6
1951,11,11.7,6.2,1,132.1,75.1
1951,12,9,3,5,39.8,69.8
1952,1,6,0.3,13,46.4,94.1
1952,2,6.9,0.3,13,13.3,96.7
1952,3,10.5,3.9,4,61.1,105
1952,4,15.2,5.4,2,41.2,178.2
1952,5,19.1,9.5,0,56.6,207
1952,6,20.5,10.5,0,34,217.6
1952,7,23,12.9,0,7.5,194
1952,8,21.1,12.6,0,108.5,180.5
1952,9,15.7,7.2,0,43,140.3
1952,10,12.9,5.6,4,95.5,105
1952,11,7,1.3,7,96.8,72.1
1952,12,6,-0.6,16,55.2,77.7
1953,1,5.4,0.8,13,21.8,42.5
1953,2,7.3,1.1,11,40.4,75.9
1953,3,10.8,0.3,17,17.2,140.7
1953,4,12.5,3.5,1,53,183.3
1953,5,17.9,8.2,0,42.8,223
1953,6,18.7,10.5,0,40.5,139.7
1953,7,20.4,11.7,0,82.1,203.4
1953,8,21.7,12.2,0,74.1,237.4
1953,9,18.6,10,0,47.3,151.7
1953,10,14,6.5,0,56,84.1
1953,11,11.3,5.9,0,39.7,54.4
1953,12,9.5,5,0,18,28.4
1954,1,5.6,0.3,16,33,75.7
1954,2,6.5,0.2,10,59.7,79.7
1954,3,10.1,2.9,4,64.4,107.9
1954,4,12.8,2.8,5,10.1,202.4
1954,5,15.9,7.2,0,53.3,145.9
1954,6,17.9,10.3,0,92.3,157.1
1954,7,18.6,11.3,0,55.8,157.1
1954,8,19.2,11.3,0,80.1,123.5
1954,9,17.6,9.4,0,66.3,168.8
1954,10,15.8,9.3,1,54.9,94.5
1954,11,10.9,3.8,5,112.2,60.1
1954,12,9.6,4.4,3,51.4,54.5
1955,1,5.4,0.3,13,62.7,40.1
1955,2,4.5,-1.1,18,36.3,86.3
1955,3,7.5,-0.4,19,36.5,161.4
1955,4,14.6,5.6,0,16.6,173.7
1955,5,14.6,6,0,113.5,217.5
1955,6,19.3,10.1,0,107.4,155.3
1955,7,23.7,12.6,0,7.4,268.3
1955,8,24.3,13.6,0,11.5,188
1955,9,19.4,10,0,38.3,153.1
1955,10,13.9,5.4,4,40.1,119.7
1955,11,10.4,3.7,6,35.4,71.5
1955,12,9.4,2.2,6,79.1,47.3
1956,1,6.7,1,13,99.5,50.3
1956,2,2.5,-3.5,21,11.4,78.9
1956,3,10.8,2.2,8,17.3,149.7
1956,4,12.2,2.6,2,48.1,158.7
1956,5,18.2,7.1,0,8.5,246.6
1956,6,17.9,9.6,0,62.7,145
1956,7,20.9,12.5,0,62,168
1956,8,18.4,10.6,0,114.9,161.4
1956,9,18.4,11.1,0,60,94.3
1956,10,13.6,5.8,0,45.9,116.5
1956,11,9.1,2.9,4,19.7,77.9
1956,12,8.2,3.5,10,80.7,18.2
1957,1,8.6,3,4,41,50.8
1957,2,9.1,3.2,6,71.7,83.1
1957,3,13.6,5.9,1,43.1,110.2
1957,4,13.5,5.1,1,9.9,168
1957,5,15.4,6.2,0,42.4,205.6
1957,6,22.2,10.1,0,55.7,297.1
1957,7,21.5,13.4,0,85.4,157.9
1957,8,20.4,12.1,0,95.9,170.5
1957,9,16.9,9.7,0,101.5,102.6
1957,10,15.4,7.6,0,52.6,92.9
1957,11,8.8,3.7,3,50.5,76.4
1957,12,7.4,1.6,10,64.4,62.3
1958,1,6.6,1,11,90.2,54.6
1958,2,9,2.3,8,65.4,55.4
1958,3,7.8,0.9,14,34.6,110.7
1958,4,12.1,3.6,6,27.5,145.2
1958,5,16.4,7.9,0,54.4,196
1958,6,19.1,10.7,0,84.2,145.7
1958,7,20.8,12.3,0,63.6,188.1
1958,8,20.2,12.7,0,67.3,119.6
1958,9,19.3,11.8,0,80.3,118
1958,10,14.4,8.1,0,72.5,93.7
1958,11,9.3,4.2,1,76.7,51.8
1958,12,7.4,2.7,4,83.5,29.5
1959,1,4.9,-0.6,20,94.1,85.8
1959,2,7.1,1.3,12,2.2,65.5
1959,3,11.4,4.1,0,86.6,102
1959,4,14.2,6.3,0,52.2,153.8
1959,5,18.3,7.7,0,25.8,228
1959,6,21,10.9,0,25.2,226.3
1959,7,23.9,12.8,0,64.9,272.7
1959,8,23.3,13,0,44,245.6
1959,9,21.8,9.4,0,5.4,213.9
1959,10,17.3,7.8,0,49.1,144.2
1959,11,10.6,3.7,7,44.9,70.6
1959,12,9.2,3.4,2,124,45
1960,1,6.5,1.6,12,82.3,37.8
1960,2,7.5,1.9,6,50.6,82.3
1960,3,9.8,3.9,1,24.9,78
1960,4,14,4.8,3,16.9,164.9
1960,5,17.8,8.8,0,61.4,182.3
1960,6,21.8,11.9,0,111,274.9
1960,7,19.6,11.9,0,110.1,129.7
1960,8,20,11.4,0,50.5,147.1
1960,9,17.8,9.8,0,104.8,122.8
1960,10,13.8,7.9,0,138.6,60.9
1960,11,10.8,4.7,1,106.1,73.4
1960,12,6.6,2.2,2,107.5,54.5
1961,1,6.6,1.8,5,86.1,43.6
1961,2,10.3,4.9,0,53.4,65.1
1961,3,13.6,3.7,3,4.5,173.2
1961,4,14.4,7,0,75.9,86.9
1961,5,16.3,7.2,0,28,225.2
1961,6,20.9,10.2,0,33.9,231.2
1961,7,21.1,11.9,0,54.3,196.5
1961,8,21.1,12,0,59.1,185.7
1961,9,20.4,11.5,0,56.9,135.8
1961,10,15,7.5,1,67.7,118.2
1961,11,9.2,3.1,6,36.9,63.4
1961,12,5.3,-0.3,18,97.8,76.5
1962,1,7.5,1.6,6,94.7,70
1962,2,7.5,1.6,7,10.3,70.6
1962,3,7.3,-0.7,17,32.4,126.3
1962,4,12,4.5,0,50.7,143.3
1962,5,14.8,7,0,38.6,177.5
1962,6,19.8,9.3,0,5.5,280.3
1962,7,20.2,11.8,0,54.6,137.3
1962,8,19.4,11.6,0,96.1,154.5
1962,9,17,9.5,0,115,142.3
1962,10,14.8,6.8,1,29.6,108.8
1962,11,8.3,2.8,7,55.1,32.7
1962,12,4.2,-1.6,17,50.4,72.6
1963,1,-0.2,-5.8,28,27.9,58.9
1963,2,1.7,-3.1,25,10.4,66.4
1963,3,9.8,3.1,5,75.9,85.8
1963,4,13.2,5.7,0,50.4,119.1
1963,5,15.6,6.9,0,43.6,193.4
1963,6,19.9,11,0,65.9,199.4
1963,7,20.4,11.4,0,48,188.2
1963,8,18.7,11.2,0,81.4,142.6
1963,9,17.6,9.7,0,58,129.7
1963,10,14.8,8.4,0,44.4,78.8
1963,11,11.4,6.3,0,115.4,60.4
1963,12,4.9,0,16,18.6,49.8
1964,1,5.6,1.1,9,13,37.2
1964,2,7.4,2.5,7,22.2,57.3
1964,3,7.2,2.1,7,92.6,65.9
1964,4,12.7,5.6,1,59.5,128.5
1964,5,18.6,9.3,0,44.4,190.8
1964,6,18.6,10.7,0,49.3,156.1
1964,7,22,12.7,0,21.2,214.7
1964,8,21.7,11.8,0,14.6,217.7
1964,9,20.6,9.6,0,15.5,210.4
1964,10,13.3,4.9,2,17.5,134.5
1964,11,10.5,5,1,25,55
1964,12,6.8,0.7,13,43.7,51.1
1965,1,6.4,1.2,14,56,83.7
1965,2,5.6,0.5,13,5.8,31.1
1965,3,10.1,1.8,10,44.2,137.7
1965,4,13.1,4.5,2,49.4,141.6
1965,5,16.3,8.4,0,63.8,179.6
1965,6,19.1,10.8,0,53.4,188.7
1965,7,18.5,11,0,90,122.8
1965,8,20.1,11,0,61.7,181.2
1965,9,16.9,9.1,0,75.4,122.9
1965,10,15.2,7,0,12,109.9
1965,11,8,1.9,11,51.2,77.4
1965,12,8.1,2.4,5,95.5,71.9
1966,1,5,0.8,15,30.8,42.5
1966,2,9,4.6,1,74.9,41.5
1966,3,10.7,3.2,3,9.9,121.5
1966,4,11.1,5,3,81.7,81.5
1966,5,16.3,7.2,0,54,234.9
1966,6,20.8,11.3,0,56.6,199
1966,7,19.8,11.7,0,80.9,149.7
1966,8,19.9,11.1,0,78.8,188.6
1966,9,18.5,10.3,0,52.5,168
1966,10,14.2,7.9,0,122.7,90.4
1966,11,8.3,2.9,4,28,61
1966,12,9.1,3,2,80.4,41.7
1967,1,7.2,2.6,8,35.5,64.2
1967,2,8.9,2.9,5,64.3,88.2
1967,3,11.1,4.2,1,30.7,174.6
1967,4,12,4.7,1,40.4,130.8
1967,5,15.6,7.5,0,85.6,184.2
1967,6,19.5,9.9,0,49.3,232
1967,7,22.7,13.1,0,76.6,234.4
1967,8,20.7,12.3,0,44,167.1
1967,9,17.7,10.9,0,59.4,116.5
1967,10,14.2,8.8,0,121.7,95.1
1967,11,8.9,3,5,29.2,69.2
1967,12,7.1,2,12,63.3,70.6
1968,1,7.3,2,8,57.9,50
1968,2,4.7,-0.1,16,26.8,54
1968,3,10.8,3.6,5,19.5,148.5
1968,4,13,4.4,6,46.1,184.5
1968,5,14.5,6.7,0,66.2,155
1968,6,19.9,11.4,0,69.2,206.6
1968,7,19.7,12,0,141.6,136.2
1968,8,19.4,12.3,0,91.7,124
1968,9,18,11.1,0,108.3,114.9
1968,10,15.8,10.6,0,67.7,66.5
1968,11,8.9,4.6,3,54.5,47.9
1968,12,5.1,1.1,11,63.6,35.9
1969,1,8.6,3.6,6,74.9,40
1969,2,4.2,-0.9,16,39.9,78.1
1969,3,7.3,1.1,8,48.3,70.5
1969,4,13.1,3.7,5,37,221.3
1969,5,16.4,8.3,0,88.8,161.9
1969,6,19.9,9.5,0,20.7,276.9
1969,7,23.2,13.1,0,49,243.8
1969,8,21.3,13.2,0,87.9,157.5
1969,9,17.7,10.8,0,32.8,97.4
1969,10,16.7,9.9,0,5,112
1969,11,9,3.2,5,52,84.6
1969,12,6,1.2,9,72.9,35.6
1970,1,6.6,1.9,10,66.6,34.5
1970,2,6.6,0.6,11,49.2,115.9
1970,3,7.6,0.6,12,45.8,120.8
1970,4,11.3,3.8,3,75.9,132.7
1970,5,18.8,8.7,0,22.9,224.8
1970,6,22.4,11.6,0,43,270.9
1970,7,20.4,11.9,0,42.3,192.4
1970,8,21,12.2,0,51.9,185.6
1970,9,19.4,11.2,0,40.3,157.3
1970,10,15,7.4,0,19.5,106.2
1970,11,11.4,5.6,1,150.3,64.7
1970,12,6.7,1.8,13,33.9,43.8
1971,1,7.2,2.5,7,105.3,42.1
1971,2,7.9,1.5,8,22.1,69.5
1971,3,8.7,2.2,8,42.9,106
1971,4,12,4.3,1,44.8,122.9
1971,5,17.3,7.4,0,46.3,228.9
1971,6,16.7,9.4,0,135.8,143.5
1971,7,23.2,13.1,0,37.3,259.3
1971,8,20.3,12.7,0,133.2,134.2
1971,9,19.5,9.8,0,13.4,166.5
1971,10,15.8,7.4,0,74.2,135.2
1971,11,9.8,3,7,61.3,102
1971,12,8.7,4.6,3,24,29.8
1972,1,6.4,2,6,60.5,41.8
1972,2,7,2.5,1,50.8,27.3
1972,3,11.8,2.8,4,63.2,144
1972,4,12.2,5.4,0,45.8,117.6
1972,5,15.1,7.4,0,49.8,141.9
1972,6,16.6,8.8,0,55.8,150.4
1972,7,21,11.8,0,23.3,168.7
1972,8,20.7,11.6,0,29.8,160.9
1972,9,16.5,8.3,0,31,129.1
1972,10,14.8,7.4,0,25.9,91.6
1972,11,9.5,3.8,7,65.8,80.6
1972,12,8.7,3.5,2,74,47.6
1973,1,6.8,2.1,10,24.4,38.8
1973,2,7.7,1.3,11,15,74.1
1973,3,11,2.1,4,10.8,150.7
1973,4,12.1,4.2,2,42.4,167.7
1973,5,16.2,8.1,0,71.2,168
1973,6,20.9,10.9,0,109.3,249.5
1973,7,20.8,12.2,0,60,171.1
1973,8,22.5,12.8,0,28.8,192
1973,9,19.7,11,0,32.7,153.9
1973,10,12.8,5.5,1,40.8,95.1
1973,11,9.8,3.2,10,28.3,89.1
1973,12,8.3,2.3,8,30.9,62.9
1974,1,9.3,3.6,3,65,56.3
1974,2,8.7,3.1,4,77.7,58.3
1974,3,9.3,2.4,6,36.7,101.7
1974,4,13,3.8,0,4.2,142.1
1974,5,16.1,6.8,0,31.6,191.4
1974,6,19.1,10.1,0,78.7,206.2
1974,7,20.1,12.2,0,41.7,187.8
1974,8,20.6,11.3,0,97.2,198.7
1974,9,16.5,9.1,0,156.1,146.5
1974,10,11,4.9,1,66.4,105.4
1974,11,10.1,5,0,95.1,52.9
1974,12,10.6,5.9,0,33.4,58.8
1975,1,9.8,4.6,1,69.4,44.7
1975,2,7.9,1.8,4,29.7,57.8
1975,3,7.8,2.5,6,95.2,72.7
1975,4,12.8,5.3,4,46.9,131.4
1975,5,14.3,6.4,0,49,159.1
1975,6,21.5,9.4,0,18,301
1975,7,23.8,13.4,0,34.1,242.4
1975,8,25.1,14.1,0,30.2,218.6
1975,9,18.7,9.9,0,95.3,147
1975,10,14.2,6.5,1,11,120.7
1975,11,9.8,2.5,7,37.9,85.1
1975,12,7.5,1.7,10,21.7,34.4
1976,1,8.5,3.4,8,18.9,70.3
1976,2,7.5,2.3,8,18.8,42.6
1976,3,9,1.7,11,16,107.8
1976,4,12.9,4.1,4,8.1,148.7
1976,5,17.8,8.3,0,44.2,172
1976,6,24.4,12.6,0,17.1,261.4
1976,7,25.9,13.2,0,14.3,254.2
1976,8,24.4,11.4,0,23.9,257.4
1976,9,18.1,10.5,0,90.7,118.2
1976,10,14.1,8.3,0,99.5,43.6
1976,11,9.2,3.4,5,55.9,54.1
1976,12,4.6,-0.4,13,101.8,58.6
1977,1,5.4,0.7,11,75.9,35.4
1977,2,8.9,3.3,4,114.4,74.4
1977,3,10.5,4.3,4,59.8,87.2
1977,4,11.6,3.8,4,40.7,157.9
1977,5,15.7,6.1,0,43.1,217.5
1977,6,16.7,8.5,0,86.9,123.2
1977,7,21,12,0,5.8,193.6
1977,8,19.7,12.2,0,129,123.4
1977,9,17.5,10.4,0,7.8,101.8
1977,10,15.4,8.3,0,32.8,107.3
1977,11,9.6,3.8,7,46.6,102.4
1977,12,8.9,3.9,2,67.8,45.2
1978,1,6.2,0.7,11,68.2,53.6
1978,2,5.5,0.4,15,45.6,58.9
1978,3,10.8,3.3,3,52.3,128.1
1978,4,10.2,3.3,5,45.2,113.6
1978,5,17,7.1,0,48.5,202.8
1978,6,19.1,9.6,0,39.9,171.7
1978,7,20,11.5,0,82.4,146.4
1978,8,20.2,11.4,0,32.6,157.4
1978,9,19.1,10.6,0,24.4,159.3
1978,10,16.2,8.1,0,5.4,87.5
1978,11,11.6,5.5,5,22.8,77.3
1978,12,7.1,2.2,12,109.5,34.3
1979,1,3.2,-3.1,23,56.8,72
1979,2,3.8,-0.9,18,56.2,67.3
1979,3,8.4,2.1,2,110.3,92.9
1979,4,12.3,4.8,3,38.9,126.4
1979,5,15.2,6.8,2,124.8,190.9
1979,6,19,10.7,0,43.6,166.6
1979,7,22.5,13,0,16.6,192.2
1979,8,20.3,11.7,0,60.8,167.4
1979,9,18.6,9.6,0,17,171
1979,10,15.5,8,0,59.8,117
1979,11,10.5,3.9,4,39.4,70
1979,12,8.9,3.8,3,127.7,59.7
1980,1,5.3,-0.3,15,36.7,84
1980,2,9.5,3.2,5,39.8,58.8
1980,3,8.5,2.3,7,69.8,86.7
1980,4,13.7,4.9,0,14.1,165.4
1980,5,16.6,6.3,1,35.5,228.7
1980,6,19,10.7,0,89.4,186.7
1980,7,19.7,11.2,0,59.5,168.9
1980,8,21.2,12.8,0,63.6,169
1980,9,19.2,12.2,0,65.6,136.4
1980,10,13,6,0,84.9,111.8
1980,11,9.1,4.4,3,42.5,61.4
1980,12,8.5,2.9,7,32.9,64.4
1981,1,7.3,2.4,8,39.2,50.9
1981,2,6.2,0.2,15,20.9,75.3
1981,3,11.1,6.4,0,129.7,57.8
1981,4,12,4.4,2,43.9,110.4
1981,5,15.7,8.2,0,87.7,98.3
1981,6,18.1,10.4,0,26.1,122.8
1981,7,21.3,12.3,0,34,129
1981,8,22.2,12.7,0,38.8,199.8
1981,9,19.8,11,0,92.5,157.3
1981,10,12.3,5.7,1,64.7,101.9
1981,11,10.8,4.9,2,31.4,43.7
1981,12,3.6,-2,18,74,57.5
1982,1,5.5,-0.1,13,57.2,55
1982,2,7.9,2.7,5,32,33.8
1982,3,10.3,2.9,2,96.2,144.7
1982,4,13.8,4.9,0,27.4,164.4
1982,5,17.5,7.2,1,35.9,187.2
1982,6,21.3,12.7,0,69.4,148.4
1982,7,22,12.8,0,23.5,151.4
1982,8,21.2,12.9,0,37.9,159.8
1982,9,20.1,10.6,0,51.9,141
1982,10,13.6,7.8,0,83.4,66.3
1982,11,10.8,6.1,4,77.3,68.5
1982,12,7.7,1.9,9,62.4,60.4
1983,1,9.8,4.7,2,45.7,54.9
1983,2,4.8,-0.7,17,23.8,74
1983,3,10.3,3.3,4,42.5,89.5
1983,4,11.8,3.7,2,89.5,150.5
1983,5,14.8,7.8,0,106.3,126.8
1983,6,19.6,11,0,19.4,180.3
1983,7,26.8,15.4,0,21.7,257.5
1983,8,23.5,13.3,0,24,214.5
1983,9,18,11.1,0,59.4,92.4
1983,10,14.3,7.7,1,53,119.7
1983,11,10.4,5.2,6,42.6,44.3
1983,12,8.7,3.2,8,49.8,62.9
1984,1,7.5,1.5,7,81.5,86.1
1984,2,6.4,1,7,35.4,66
1984,3,8.2,2.4,1,50.3,48.8
1984,4,13.9,3.4,5,1.6,236.8
1984,5,14.5,6,0,72,143.4
1984,6,20.8,10.8,0,30,244.3
1984,7,23.9,12.2,0,13.6,249.4
1984,8,23.6,13.6,0,32.7,199.8
1984,9,17.9,11.2,0,91.1,99.6
1984,10,15,8.6,1,54.4,88.6
1984,11,11.3,6,0,101.6,53.8
1984,12,8.3,2.7,8,44.5,57.6
1985,1,3.9,-1.9,22,44.4,51.1
1985,2,5.5,-0.8,15,34.7,78
1985,3,8.9,1.4,10,36.7,112.4
1985,4,13.1,5.1,3,32.7,138.3
1985,5,15.7,7.3,0,80.5,178.3
1985,6,17.5,9,0,122.5,165
1985,7,21.6,12.7,0,45.8,216
1985,8,19,12.1,0,67,164.9
1985,9,19.4,11.2,0,19.4,143.3
1985,10,14.5,7.9,0,29.1,100.8
1985,11,7.4,1.7,10,41.1,86.1
1985,12,9.4,5.1,5,108.1,44.2
1986,1,6.7,1.1,9,67.3,76.4
1986,2,1,-4.1,24,7.3,71.2
1986,3,9.2,2.1,4,58,127.3
1986,4,10.2,3.1,2,70.4,139.6
1986,5,15.7,8,0,70.7,205.6
1986,6,20.6,10.5,0,22.3,222.7
1986,7,21.5,12.8,0,37.1,201.2
1986,8,18.4,11,0,114.3,147
1986,9,16.6,7.5,0,39,171.6
1986,10,15.3,7.8,0,75.1,119.7
1986,11,11.4,5.4,0,78.4,77.9
1986,12,9.2,3.8,1,64.2,64.8
1987,1,3,-1.4,20,9.9,68.8
1987,2,7.1,1,13,34,67.8
1987,3,8.2,1.5,13,53.9,111.6
1987,4,15.2,6.6,0,51.4,158.7
1987,5,15.2,6.5,0,48.7,168.7
1987,6,17.8,10.4,0,86,129.3
1987,7,21.2,12.7,0,29.3,179.4
1987,8,21,12.5,0,34,158.2
1987,9,18.6,10.9,0,25.4,132.3
1987,10,14,6.7,1,138.8,109.5
1987,11,9,4.3,2,58.2,43.9
1987,12,8,3.7,7,26,42.9
1988,1,8.1,3.3,4,100,47.7
1988,2,8.1,2.3,5,33.8,103.7
1988,3,10.2,3.8,4,59.1,85.2
1988,4,12.6,4.6,3,30.2,132
1988,5,17.1,7.8,0,32,178.1
1988,6,18.7,10.3,0,59.6,142.3
1988,7,18.9,11.6,0,96.5,138.8
1988,8,20.4,11.9,0,38.8,178.8
1988,9,17.9,10.4,0,39.6,136.9
1988,10,14.5,8,2,38.6,120
1988,11,9.1,1.6,15,29.5,91.4
1988,12,10.1,5.4,0,13.4,46.7
1989,1,9.1,3.6,5,33.4,68.2
1989,2,9.9,3,4,55.1,107
1989,3,12,4.6,1,47,100.9
1989,4,11,3.6,1,63.8,133.9
1989,5,19.7,8.6,0,29.2,300.8
1989,6,20.8,10.5,0,45.9,244.4
1989,7,24.9,14,0,29.4,280.4
1989,8,23.4,12.4,0,43.3,269.5
1989,9,19.9,11.9,0,23.8,141.6
1989,10,15.9,8.9,0,53.9,90.8
1989,11,9.8,3.2,7,32.5,104.1
1989,12,8.2,3.3,4,141.5,26.5
1990,1,10,4.5,1,75,58.3
1990,2,11.3,5.3,0,94.2,95.7
1990,3,12.7,5,2,18.4,144.1
1990,4,13.7,3.3,5,20.4,234.4
1990,5,19.2,7.8,0,8.7,285
1990,6,18.2,10.7,0,48.8,121.1
1990,7,23.8,12.2,0,17.7,268.5
1990,8,24.7,14,0,26.5,236.6
1990,9,18.7,9.4,0,41.1,164.7
1990,10,15.8,9.3,0,45.9,124.4
1990,11,9.8,4.3,1,20,83.7
1990,12,6.9,1.7,10,56.3,58.8
1991,1,6.4,1.2,8,60.9,66.9
1991,2,4.7,-1.6,18,20.5,60
1991,3,11.5,5.1,2,46.1,87.2
1991,4,12.2,4.6,1,56.3,156.6
1991,5,15.3,7.4,0,8.6,142.9
1991,6,16.8,9,0,74.8,150
1991,7,22.2,13.7,0,92.8,217.3
1991,8,23.2,13.3,0,11.6,241.4
1991,9,20.2,10.6,0,42.9,165.4
1991,10,13.4,7.3,0,34.2,79.4
1991,11,9.9,4.5,2,62.2,57.4
1991,12,7,1.6,11,15.9,58.4
1992,1,5.9,1.5,12,30.4,46.8
1992,2,8.9,2.1,8,22,67.3
1992,3,11,4.8,1,47.7,73.3
1992,4,13.2,5.6,2,57.7,139.2
1992,5,19.7,9.1,0,62.2,262.7
1992,6,21.4,11.7,0,43.4,212.2
1992,7,21.1,13.5,0,70.1,164
1992,8,20.3,12.8,0,108.9,173.6
1992,9,17.6,10.8,0,106.9,120.2
1992,10,11.2,5.2,2,75.7,101.3
1992,11,10.9,4.7,0,119.9,61.5
1992,12,6.4,1.3,11,50.7,47.2
1993,1,9.6,3.5,5,82.4,38
1993,2,7.1,2.4,4,7.1,54.7
1993,3,11,3.9,3,32.7,135
1993,4,13.2,6.6,0,69.2,111.9
1993,5,16.6,8,0,56.6,196.7
1993,6,20.7,11.5,0,40.1,231.4
1993,7,20.8,12.3,0,51.3,190
1993,8,20.5,11.1,0,26.7,238.3
1993,9,16.7,9.3,0,96.1,107.7
1993,10,11.9,6,3,112.4,120
1993,11,8,2.6,8,51,76.3
1993,12,8.7,3.4,4,98,55
1994,1,8.5,3.3,2,82.2,87
1994,2,6.7,1.3,8,62.4,77.6
1994,3,11.7,5.3,0,41.9,127.6
1994,4,12.5,5.1,0,52,177.7
1994,5,15.3,7.6,0,84.5,162.1
1994,6,20.6,11,0,13.5,254.9
1994,7,24.8,13.8,0,54.2,248.3
1994,8,21.1,13,0,52.5,191.8
1994,9,16.6,10.4,0,62.6,113.1
1994,10,14.1,6.9,0,67.4,137.5
1994,11,12.7,8.4,0,55.7,46.7
1994,12,9.6,3.9,5,74.6,68.2
1995,1,8.5,2.2,7,116.3,61.8
1995,2,10.4,4.4,1,66,74.9
1995,3,10.5,2,6,49.3,198.7
1995,4,14.3,5.4,3,18.9,190.1
1995,5,17.8,7.8,0,54.1,233.5
1995,6,20,10.4,0,6.6,194.4
1995,7,25.1,13.9,0,37.8,247.6
1995,8,26.4,13.9,0,4.4,285.1
1995,9,18.3,10.3,0,98.8,135.3
1995,10,17.3,10.3,0,33.2,139.9
1995,11,11.3,5.2,5,98.2,78.1
1995,12,4.6,0.2,15,99.8,40.9
1996,1,6.6,3.1,7,35.5,29.3
1996,2,6.2,-0.1,17,60.8,103.4
1996,3,8.4,1.8,9,27.1,76.4
1996,4,13.8,4.8,5,49.3,148.3
1996,5,14.1,5.6,1,35.7,185.7
1996,6,21.2,10.2,0,23.7,290.7
1996,7,23.3,12.7,0,25.5,256.6
1996,8,22.4,12.5,0,53.1,211.6
1996,9,18.4,10.3,0,16.1,125.3
1996,10,15.8,8.6,0,33,130.8
1996,11,9.6,2.9,10,81.6,101
1996,12,5.5,0.9,13,16.2,55.5
1997,1,5.1,-0.2,16,11.9,51.4
1997,2,10.4,4.2,3,76.5,64.2
1997,3,13.3,5.5,0,7.2,150.2
1997,4,14.5,4.9,2,17.5,189.9
1997,5,17.4,7.4,1,61.2,261.4
1997,6,18.9,11.3,0,66.7,137.1
1997,7,22.8,12.9,0,25.4,231.7
1997,8,24.9,15.7,0,104.2,172
1997,9,19.7,10.7,0,18.5,169.7
1997,10,14.9,6.6,6,57.2,153.8
1997,11,11.7,6.1,1,94.6,47.1
1997,12,9,3.6,6,58.7,55.7
1998,1,8.3,2.9,9,60,64
1998,2,11.5,4.1,4,8.7,113
1998,3,11.8,5.4,1,57.4,77.5
1998,4,11.9,5.1,1,107.7,105.8
1998,5,18.7,9.1,0,20.9,199.8
1998,6,19.1,11.5,0,75.9,114
1998,7,21,12.4,0,29.5,157
1998,8,22.4,11.9,0,26.8,225
1998,9,19.6,11.8,0,119.4,133.8
1998,10,14.4,8.2,0,116.4,94.5
1998,11,9.3,2.2,7,69.9,66.3
1998,12,9.4,3.2,8,72.7,38.1
1999,1,9,3.4,4,91.9,51.1
1999,2,8.6,2.9,5,32.9,81.3
1999,3,11.6,4.8,1,28.8,97.4
1999,4,14.3,6.1,2,57.6,147.6
1999,5,18.2,9.7,0,50.9,153.6
1999,6,19.7,10.1,0,65.3,202.1
1999,7,24.2,13.3,0,7.2,235.4
1999,8,21.6,12.9,0,98.3,159.2
1999,9,20.8,12.4,0,102.1,155.2
1999,10,15.1,7.1,0,70.8,144.8
1999,11,10.8,5.3,0,41.1,81.1
1999,12,8.3,1.7,9,89.8,60.9
2000,1,8.1,2,9,19.8,82.1
2000,2,10.2,3.8,3,78.3,104.9
2000,3,11.7,4.2,2,11.9,112.6
2000,4,12.4,4.8,2,137.2,143.4
2000,5,17.2,8.6,0,67.7,189.8
2000,6,20.5,12.2,0,19.4,164.6
2000,7,20.8,12.3,0,28.5,161.2
2000,8,22.7,13.3,0,58.3,209.4
2000,9,19.2,12.1,0,87.2,126.1
2000,10,14.3,8.2,0,119.5,83.9
2000,11,10.6,4.8,0,99.1,69.2
2000,12,8.6,4.2,7,99.8,51.9
2001,1,6.4,1.2,13,57.4,83.3
2001,2,8.8,2,10,68.6,85
2001,3,9,3.1,5,75.1,74.1
2001,4,12.9,4.8,0,72.7,148.2
2001,5,18.5,7.9,0,35.5,198.3
2001,6,20.7,10.6,0,23.1,226.8
2001,7,23.4,13.4,0,57.2,206.1
2001,8,22.7,12.9,0,92,184.1
2001,9,17.9,10.5,0,35,123
2001,10,17,11.1,0,92.4,100.9
2001,11,11.2,3.9,5,38.5,86.9
2001,12,6.8,0.2,17,29.5,79.2
2002,1,9.2,3.4,5,57.4,44.4
2002,2,11.1,4.4,3,70.9,80.5
2002,3,12.4,4.6,3,33,101.1
2002,4,15.2,5.2,0,43,210
2002,5,16.8,8.4,0,58.3,177.5
2002,6,20,10.3,0,42.4,163.3
2002,7,22.1,12,0,89.6,178.8
2002,8,22.8,12.9,0,53.2,166.2
2002,9,19.7,10,0,24.8,167.1
2002,10,14.8,7.1,1,109.4,104.8
2002,11,11.8,6.4,0,133.4,52.3
2002,12,8.9,4.1,4,98.1,41.3
2003,1,7.6,1.8,11,81.4,87.7
2003,2,8.4,0.6,15,17.3,94.4
2003,3,13.3,2.7,8,25.2,154.8
2003,4,15.3,4.6,5,36.8,169.8
2003,5,17.5,8.1,0,48.1,191.2
2003,6,22.4,11.8,0,55.5,213.6
2003,7,23.7,13.4,0,53.8,192
2003,8,25.5,13.5,0,3,228.4
2003,9,21.3,8.1,0,17.4,175.3
2003,10,14,3.9,5,31.7,134.8
2003,11,12,5.7,1,89.6,78.9
2003,12,8.7,1.8,10,70.7,53.6
2004,1,8.8,2.7,9,66.1,62.7
2004,2,8.7,2.9,11,25.5,79.1
2004,3,10.9,3.4,2,51.8,101.5
2004,4,14.7,6.2,0,68.8,150.3
2004,5,18,8.6,0,41.1,195.5
2004,6,21.8,12,0,23.8,223.6
2004,7,22,12.2,0,83.1,169.5
2004,8,23.4,14.2,0,135,194.1
2004,9,20.1,11.7,0,28.9,174.4
2004,10,14.7,8.6,0,131.4,102.4
2004,11,10.9,5.8,1,34.2,52.4
2004,12,8.6,2.8,6,37.7,58.3
2005,1,9.4,3.8,2,18.2,65.4
2005,2,7.3,2.1,10,20,66.3
2005,3,11.2,4.7,6,44.5,79.3
2005,4,14.3,5.7,1,50.2,136.3
2005,5,17.2,7.6,0,31.5,226.4
2005,6,21.6,12,0,93.4,177.6
2005,7,22.3,13.4,0,34.9,192
2005,8,23.1,12.2,0,31.3,235.7
2005,9,20.9,11.9,0,38.5,155.4
2005,10,17.1,10.9,0,53.4,92
2005,11,9.9,3.1,11,38.6,88
2005,12,7.7,1.8,11,50.2,55.7
2006,1,7.2,2.2,8,16.6,54.9
2006,2,6.6,0.8,12,33,73.1
2006,3,9.2,2,10,59.3,95.5
2006,4,13.9,5.4,2,36.3,152.5
2006,5,17.6,9,0,104.7,165.7
2006,6,23.1,11.7,0,5.3,246.2
2006,7,27.1,14.9,0,87.3,303.7
2006,8,21.8,13.1,0,58.7,167.2
2006,9,22.1,13.5,0,90.8,156.5
2006,10,17.2,10.6,0,118,109
2006,11,12.1,5.1,4,86.4,101.2
2006,12,9.4,4.3,6,68.7,42.7
2007,1,10.4,4.8,4,73.3,79.8
2007,2,9.7,3.7,7,81,67.6
2007,3,12,3.7,2,36.9,165.4
2007,4,17.8,5.6,0,1.8,210.7
2007,5,17.5,7.1,0,135.2,165.5
2007,6,20.5,11.3,0,78.8,149
2007,7,20.6,12.2,0,105.5,195.1
2007,8,21.7,12,0,38.2,209.2
2007,9,19.2,10.3,0,17.7,142.6
2007,10,15.1,7.9,0,68.9,102.5
2007,11,11.3,4.3,4,56,86.9
2007,12,8.3,2.4,11,60.6,57.2
2008,1,10.3,4.7,0,81.6,62.4
2008,2,10.5,1.7,11,16.9,124.1
2008,3,10.6,3.5,2,90.3,115.2
2008,4,13.1,4.7,3,46.9,161.2
2008,5,18.7,9.5,0,106.6,173.2
2008,6,20.1,11.1,0,67.3,223.8
2008,7,22,12.8,0,90,198.5
2008,8,20.8,13.9,0,77,141.8
2008,9,17.8,10.2,0,73.5,113.5
2008,10,14.6,5.7,1,39.3,132.2
2008,11,10.1,4.8,3,94.2,67
2008,12,6.9,1.3,11,37.3,73.5
2009,1,6.3,0.2,16,47.8,69.3
2009,2,7.9,2,10,54.5,64.5
2009,3,12.4,3.2,3,20.2,161.4
2009,4,15.6,6.1,0,36,168.4
2009,5,18.2,8.3,0,44.8,226.1
2009,6,22,10.7,0,49.3,203.3
2009,7,22.4,13.1,0,72.8,212.3
2009,8,22.7,13.3,0,46.6,190.6
2009,9,20.2,10.6,0,9,163.7
2009,10,16.2,8.4,0,44.4,109.7
2009,11,12.5,7,0,105.2,73.5
2009,12,6.8,0.8,12,89.9,61.5
2010,1,4.7,-1,17,56.4,68.2
2010,2,7.1,1.3,7,79.8,59.3
2010,3,11.3,3.2,8,47.6,130.2
2010,4,15.8,4.9,0,25.5,209.5
2010,5,17.6,7.3,0,28.6,207.4
2010,6,23,11.1,0,34.5,230.5
2010,7,23.9,14.2,0,17.9,181
2010,8,21.4,12.1,0,146.2,141.7
2010,9,18.8,10.3,0,52.5,123.1
2010,10,14.5,7.4,2,43.4,123.5
2010,11,8.2,2.9,10,38.6,53.6
2010,12,2.7,-2.2,25,32.7,25.8
2011,1,7,1.9,12,58.8,49.3
2011,2,10.4,4.4,1,49.3,34.2
2011,3,12.4,3.2,5,9.3,141.5
2011,4,19.4,7.3,0,0.5,211.4
2011,5,18.9,8.4,0,42.5,208.7
2011,6,19.3,10.2,0,54.1,188.5
2011,7,21.4,10.2,0,43.1,179.4
2011,8,20.7,11.4,0,65.6,157.8
2011,9,20.7,10.7,0,31.8,151.7
2011,10,17.2,9.5,0,26.3,130.6
2011,11,13.5,6.3,1,28.4,64.8
2011,12,9.3,3.1,4,71.2,62.6
2012,1,9.8,3.6,6,34.6,85.7
2012,2,7.3,1.2,12,21.3,71.7
2012,3,14,3.6,2,24.3,164.3
2012,4,12.6,4.6,2,143,135.1
2012,5,17.7,9.7,0,55.5,185.6
2012,6,18.9,11.6,0,151.7,128.3
2012,7,20.5,12.6,0,100,178.2
2012,8,21.8,13.6,0,85.6,168.4
2012,9,18.4,9.2,0,57.6,173.2
2012,10,13.4,7.1,0,124.2,85.5
2012,11,10.1,4.2,1,83.3,74
2012,12,8.6,2.6,9,103.3,61.7
2013,1,6.4,1.9,14,58.5,47.8
2013,2,6.2,0.9,5,47.4,72.3
2013,3,6.3,0.2,16,76.6,60.7
2013,4,12.9,3.9,6,24.8,177
2013,5,15.9,6.7,0,66.2,193.6
2013,6,19.3,10.2,0,17.3,181.3
2013,7,25.5,13.9,0,45.7,297.3
2013,8,23.1,13.1,0,19.3,205.9
2013,9,19,9.9,0,40.6,123.1
2013,10,16.3,9.9,0,86.5,101.8
2013,11,9.9,3.8,2,55.2,85.7
2013,12,10,3.6,0,97.7,63.6
2014,1,9.3,3.5,3,146.9,77.7
2014,2,9.7,4.2,0,90.1,97.4
2014,3,12.8,3.5,2,39.2,135.6
2014,4,15,6.4,0,50.2,149.5
2014,5,17.1,8.9,0,90.3,185.7
2014,6,21.5,11.8,0,36.9,236.3
2014,7,24.9,13.5,0,45.5,264.6
2014,8,20.8,11.7,0,85.6,190.5
2014,9,21.1,11.4,0,4.1,143.7
2014,10,16.8,9.9,0,65.6,116.9
2014,11,11.5,5.7,2,98.6,60.9
2014,12,8.7,2.4,9,44,96.9
2015,1,8.4,1.6,10,53.6,81
2015,2,7.5,1,10,46.2,80.8
2015,3,11.4,3.3,1,25.6,122.9
2015,4,15.9,4.5,0,22.5,214.1
2015,5,16.8,7.7,0,55.6,183.3
2015,6,21.1,10.2,0,28.9,242.9
2015,7,22.6,12.5,0,47.8,201
2015,8,21.3,13,0,57.2,135.3
2015,9,18.4,8.9,0,36.8,164.3
2015,10,15.1,7.9,0,45,84.1
2015,11,13.1,7.3,2,65.3,33.8
2015,12,13.4,8.3,0,62.9,38.3
2016,1,9.4,3,5,83.9,59.1
2016,2,9.1,2.7,6,47.6,112.9
2016,3,10.2,2.2,4,74.2,123.8
2016,4,12.9,4,1,53.1,163.7
2016,5,18.4,8.7,0,86.1,202.9
2016,6,20,11.9,0,95.7,100.4
2016,7,23.3,13.8,0,3.4,227.6
2016,8,23.5,13.6,0,41.2,204.5
2016,9,20.9,13,0,44.6,113.2
2016,10,15.1,7.3,0,26.5,112.2
2016,11,9.4,3.3,3,76.1,88.3
2016,12,9.6,3,10,25.8,62.3
2017,1,7.3,0.8,16,62.8,64.6
2017,2,9.5,4,1,42.8,58.4
2017,3,13.7,5.8,0,43.1,115.6
2017,4,15.1,4.7,0,5.4,174.6
2017,5,19,9.4,0,63.6,169.4
2017,6,22.7,12.9,0,29.7,213.3
2017,7,23.3,13.9,0,62.3,179.2
2017,8,21.4,12.6,0,62.8,176.1
2017,9,18.5,10.4,0,64.6,119.4
2017,10,16.1,9.7,0,17.1,97.7
2017,11,10.7,3.8,3,48.4,99.6
2017,12,8.3,2.6,10,74.2,55.5
2018,1,8.9,3,4,59.1,67.7
2018,2,6.4,0.3,14,24.1,117.6
2018,3,9.1,2.5,6,87.4,79
2018,4,14.2,7.5,0,52.8,121.5
2018,5,19.9,8.6,0,80.8,234.1
2018,6,22.8,11.6,0,2.5,252.2
2018,7,27.4,14.2,0,23.2,280.9
2018,8,23.4,13.2,0,43.2,198.6
2018,9,20.4,10,0,30.3,169.8
2018,10,15.6,7.3,2,50.1,117.3
2018,11,11.7,5.5,2,61.9,82.7
2018,12,10.2,4.7,3,71.8,53.8
2019,1,7.2,1,16,28.6,50
2019,2,11.8,2.3,8,36,127.8
2019,3,12.7,5.1,0,37.7,128.3
2019,4,15.1,4.3,5,21.7,158.2
2019,5,18,7.2,0,21.3,203.6
2019,6,20.4,10.7,0,99.5,165.4
2019,7,24.5,13.7,0,42.9,212.4
2019,8,23.9,13.2,0,46.9,215.4
2019,9,20.6,10.4,0,77.9,176.5
2019,10,14.5,7.3,0,119.9,83.7
2019,11,9.6,4.1,3,105.6,55.3
2019,12,9.4,3.6,5,88.1,72.7
2020,1,9.6,4.5,3,50,71.5
2020,2,10.5,3.6,3,94.6,88.8
2020,3,11.4,3,4,39.9,158.7
2020,4,17.8,5.4,1,42.9,232.2
2020,5,20.4,7.6,1,3.5,322.8
2020,6,21.6,11.6,0,67.1,206.1
2020,7,22.5,12.7,0,55.2,201.7
2020,8,23.5,14.5,0,113.7,172.1
2020,9,20,10.2,0,26.6,174.7
2020,10,14.2,8.3,0,185.3,72.4
2020,11,11.9,6,5,35.4,62.4
2020,12,8,3.1,7,99.4,60.7
2021,1,6.6,1.3,13,114.6,41.8
2021,2,8.9,2.6,8,55.2,73.7
2021,3,11.6,3.9,1,29.5,105.8
2021,4,12.5,1.6,8,27.1,213.3
2021,5,15.7,6.6,0,94.5,159.4
2021,6,21.4,12.2,0,68.4,181.8
2021,7,23.7,14.2,0,67.7,210.4
2021,8,21,13,0,34.8,143.3
2021,9,21.6,12.1,0,43.6,148.8
2021,10,16.2,9.7,0,92.2,104.5
2021,11,10.9,4.3,4,18.2,73
2021,12,9.8,4.9,2,67.1,33.4
2022,1,8.4,1.4,12,19.9,86.5
2022,2,11.1,4.1,0,62.7,99.1
2022,3,12.7,4,2,40.9,154.3
2022,4,15.3,4.7,3,13.8,182.7
2022,5,19,9.7,0,41.9,202
2022,6,21.7,11,0,50.2,256.8
2022,7,25.9,13.8,0,7.1,228.9
2022,8,26.4,14.3,0,4.3,247.4
2022,9,20.3,11.2,0,55.2,128.8
2022,10,17.9,9.7,0,78.7,160
2022,11,12.8,7.6,0,106.6,84.4
2022,12,7.2,0.8,12,66.8,61.3
